Segment,Country,Product,Discount Band,Units Sold,Manufacturing Price,Sale Price,Gross Sales,Discounts,Sales,COGS,Profit,Date,Month Number,Month Name,Year
Government,Canada, Carretera , None ,161850,300,2000,3237000,0.0,3237000,1618500,1618500,2014-01-01,1, January ,2014
Government,Germany, Carretera , None ,132100,300,2000,2642000,0.0,2642000,1321000,1321000,2014-01-01,1, January ,2014
Midmarket,France, Carretera , None ,217800,300,1500,3267000,0.0,3267000,2178000,1089000,2014-01-06,6, June ,2014
Midmarket,Germany, Carretera , None ,88800,300,1500,1332000,0.0,1332000,888000,444000,2014-01-06,6, June ,2014
Midmarket,Mexico, Carretera , None ,247000,300,1500,3705000,0.0,3705000,2470000,1235000,2014-01-06,6, June ,2014
Government,Germany, Carretera , None ,151300,300,35000,52955000,0.0,52955000,39338000,13617000,2014-01-12,12, December ,2014
Midmarket,Germany, Montana , None ,92100,500,1500,1381500,0.0,1381500,921000,460500,2014-01-03,3, March ,2014
Channel Partners,Canada, Montana , None ,251800,500,1200,3021600,0.0,3021600,755400,2266200,2014-01-06,6, June ,2014
Government,France, Montana , None ,189900,500,2000,3798000,0.0,3798000,1899000,1899000,2014-01-06,6, June ,2014
Channel Partners,Germany, Montana , None ,154500,500,1200,1854000,0.0,1854000,463500,1390500,2014-01-06,6, June ,2014
Midmarket,Mexico, Montana , None ,247000,500,1500,3705000,0.0,3705000,2470000,1235000,2014-01-06,6, June ,2014
Enterprise,Canada, Montana , None ,266550,500,12500,33318750,0.0,33318750,31986000,1332750,2014-01-07,7, July ,2014
Small Business,Mexico, Montana , None ,95800,500,30000,28740000,0.0,28740000,23950000,4790000,2014-01-08,8, August ,2014
Government,Germany, Montana , None ,214600,500,700,1502200,0.0,1502200,1073000,429200,2014-01-09,9, September ,2014
Enterprise,Canada, Montana , None ,34500,500,12500,4312500,0.0,4312500,4140000,172500,2013-01-10,10, October ,2013
Midmarket,United States of America, Montana , None ,61500,500,1500,922500,0.0,922500,615000,307500,2014-01-12,12, December ,2014
Government,Canada, Paseo , None ,29200,1000,2000,584000,0.0,584000,292000,292000,2014-01-02,2, February ,2014
Midmarket,Mexico, Paseo , None ,97400,1000,1500,1461000,0.0,1461000,974000,487000,2014-01-02,2, February ,2014
Channel Partners,Canada, Paseo , None ,251800,1000,1200,3021600,0.0,3021600,755400,2266200,2014-01-06,6, June ,2014
Government,Germany, Paseo , None ,100600,1000,35000,35210000,0.0,35210000,26156000,9054000,2014-01-06,6, June ,2014
Channel Partners,Germany, Paseo , None ,36700,1000,1200,440400,0.0,440400,110100,330300,2014-01-07,7, July ,2014
Government,Mexico, Paseo , None ,88300,1000,700,618100,0.0,618100,441500,176600,2014-01-08,8, August ,2014
Midmarket,France, Paseo , None ,54900,1000,1500,823500,0.0,823500,549000,274500,2013-01-09,9, September ,2013
Small Business,Mexico, Paseo , None ,78800,1000,30000,23640000,0.0,23640000,19700000,3940000,2013-01-09,9, September ,2013
Midmarket,Mexico, Paseo , None ,247200,1000,1500,3708000,0.0,3708000,2472000,1236000,2014-01-09,9, September ,2014
Government,United States of America, Paseo , None ,114300,1000,700,800100,0.0,800100,571500,228600,2014-01-10,10, October ,2014
Government,Canada, Paseo , None ,172500,1000,35000,60375000,0.0,60375000,44850000,15525000,2013-01-11,11, November ,2013
Channel Partners,United States of America, Paseo , None ,91200,1000,1200,1094400,0.0,1094400,273600,820800,2013-01-11,11, November ,2013
Midmarket,Canada, Paseo , None ,215200,1000,1500,3228000,0.0,3228000,2152000,1076000,2013-01-12,12, December ,2013
Government,Canada, Paseo , None ,181700,1000,2000,3634000,0.0,3634000,1817000,1817000,2014-01-12,12, December ,2014
Government,Germany, Paseo , None ,151300,1000,35000,52955000,0.0,52955000,39338000,13617000,2014-01-12,12, December ,2014
Government,Mexico, Velo , None ,149300,12000,700,1045100,0.0,1045100,746500,298600,2014-01-01,1, January ,2014
Enterprise,France, Velo , None ,180400,12000,12500,22550000,0.0,22550000,21648000,902000,2014-01-02,2, February ,2014
Channel Partners,Germany, Velo , None ,216100,12000,1200,2593200,0.0,2593200,648300,1944900,2014-01-03,3, March ,2014
Government,Germany, Velo , None ,100600,12000,35000,35210000,0.0,35210000,26156000,9054000,2014-01-06,6, June ,2014
Channel Partners,Germany, Velo , None ,154500,12000,1200,1854000,0.0,1854000,463500,1390500,2014-01-06,6, June ,2014
Enterprise,United States of America, Velo , None ,282100,12000,12500,35262500,0.0,35262500,33852000,1410500,2014-01-08,8, August ,2014
Enterprise,Canada, Velo , None ,34500,12000,12500,4312500,0.0,4312500,4140000,172500,2013-01-10,10, October ,2013
Small Business,Canada, VTT , None ,200100,25000,30000,60030000,0.0,60030000,50025000,10005000,2014-01-02,2, February ,2014
Channel Partners,Germany, VTT , None ,283800,25000,1200,3405600,0.0,3405600,851400,2554200,2014-01-04,4, April ,2014
Midmarket,France, VTT , None ,217800,25000,1500,3267000,0.0,3267000,2178000,1089000,2014-01-06,6, June ,2014
Midmarket,Germany, VTT , None ,88800,25000,1500,1332000,0.0,1332000,888000,444000,2014-01-06,6, June ,2014
Government,France, VTT , None ,152700,25000,35000,53445000,0.0,53445000,39702000,13743000,2013-01-09,9, September ,2013
Small Business,France, VTT , None ,215100,25000,30000,64530000,0.0,64530000,53775000,10755000,2014-01-09,9, September ,2014
Government,Canada, VTT , None ,181700,25000,2000,3634000,0.0,3634000,1817000,1817000,2014-01-12,12, December ,2014
Government,France, Amarilla , None ,275000,26000,35000,96250000,0.0,96250000,71500000,24750000,2014-01-02,2, February ,2014
Channel Partners,United States of America, Amarilla , None ,195300,26000,1200,2343600,0.0,2343600,585900,1757700,2014-01-04,4, April ,2014
Enterprise,Germany, Amarilla , None ,421950,26000,12500,52743750,0.0,52743750,50634000,2109750,2014-01-04,4, April ,2014
Government,France, Amarilla , None ,189900,26000,2000,3798000,0.0,3798000,1899000,1899000,2014-01-06,6, June ,2014
Government,Germany, Amarilla , None ,168600,26000,700,1180200,0.0,1180200,843000,337200,2014-01-07,7, July ,2014
Channel Partners,United States of America, Amarilla , None ,214100,26000,1200,2569200,0.0,2569200,642300,1926900,2014-01-08,8, August ,2014
Government,United States of America, Amarilla , None ,114300,26000,700,800100,0.0,800100,571500,228600,2014-01-10,10, October ,2014
Midmarket,United States of America, Amarilla , None ,61500,26000,1500,922500,0.0,922500,615000,307500,2014-01-12,12, December ,2014
Government,France, Paseo , Low ,394500,1000,700,2761500,27615.0,2733885,1972500,761385,2014-01-01,1, January ,2014
Midmarket,France, Paseo , Low ,229600,1000,1500,3444000,34440.0,3409560,2296000,1113560,2014-01-02,2, February ,2014
Government,France, Paseo , Low ,103000,1000,700,721000,7210.0,713790,515000,198790,2014-01-05,5, May ,2014
Government,France, Velo , Low ,63900,12000,700,447300,4473.0,442827,319500,123327,2014-01-11,11, November ,2014
Government,Canada, VTT , Low ,132600,25000,700,928200,9282.0,918918,663000,255918,2014-01-03,3, March ,2014
Channel Partners,United States of America, Carretera , Low ,185800,300,1200,2229600,22296.0,2207304,557400,1649904,2014-01-02,2, February ,2014
Government,Mexico, Carretera , Low ,121000,300,35000,42350000,423500.0,41926500,31460000,10466500,2014-01-03,3, March ,2014
Government,United States of America, Carretera , Low ,252900,300,700,1770300,17703.0,1752597,1264500,488097,2014-01-07,7, July ,2014
Channel Partners,Canada, Carretera , Low ,144500,300,1200,1734000,17340.0,1716660,433500,1283160,2014-01-09,9, September ,2014
Enterprise,United States of America, Carretera , Low ,33000,300,12500,4125000,41250.0,4083750,3960000,123750,2013-01-09,9, September ,2013
Channel Partners,France, Carretera , Low ,267100,300,1200,3205200,32052.0,3173148,801300,2371848,2014-01-09,9, September ,2014
Channel Partners,Germany, Carretera , Low ,76600,300,1200,919200,9192.0,910008,229800,680208,2013-01-10,10, October ,2013
Small Business,Mexico, Carretera , Low ,49400,300,30000,14820000,148200.0,14671800,12350000,2321800,2013-01-10,10, October ,2013
Government,Mexico, Carretera , Low ,139700,300,35000,48895000,488950.0,48406050,36322000,12084050,2014-01-10,10, October ,2014
Government,France, Carretera , Low ,215500,300,35000,75425000,754250.0,74670750,56030000,18640750,2014-01-12,12, December ,2014
Midmarket,Mexico, Montana , Low ,221400,500,1500,3321000,33210.0,3287790,2214000,1073790,2014-01-03,3, March ,2014
Small Business,United States of America, Montana , Low ,230100,500,30000,69030000,690300.0,68339700,57525000,10814700,2014-01-04,4, April ,2014
Government,France, Montana , Low ,137550,500,2000,2751000,27510.0,2723490,1375500,1347990,2014-01-07,7, July ,2014
Government,Canada, Montana , Low ,183000,500,700,1281000,12810.0,1268190,915000,353190,2014-01-08,8, August ,2014
Small Business,United States of America, Montana , Low ,249800,500,30000,74940000,749400.0,74190600,62450000,11740600,2013-01-09,9, September ,2013
Enterprise,United States of America, Montana , Low ,66300,500,12500,8287500,82875.0,8204625,7956000,248625,2013-01-10,10, October ,2013
Midmarket,United States of America, Paseo , Low ,151400,1000,1500,2271000,22710.0,2248290,1514000,734290,2014-01-02,2, February ,2014
Government,United States of America, Paseo , Low ,449250,1000,700,3144750,31448.0,3113303,2246250,867053,2014-01-04,4, April ,2014
Enterprise,United States of America, Paseo , Low ,72700,1000,12500,9087500,90875.0,8996625,8724000,272625,2014-01-06,6, June ,2014
Enterprise,France, Paseo , Low ,78700,1000,12500,9837500,98375.0,9739125,9444000,295125,2014-01-06,6, June ,2014
Enterprise,Mexico, Paseo , Low ,182300,1000,12500,22787500,227875.0,22559625,21876000,683625,2014-01-07,7, July ,2014
Midmarket,Germany, Paseo , Low ,74700,1000,1500,1120500,11205.0,1109295,747000,362295,2014-01-09,9, September ,2014
Channel Partners,Germany, Paseo , Low ,76600,1000,1200,919200,9192.0,910008,229800,680208,2013-01-10,10, October ,2013
Small Business,United States of America, Paseo , Low ,290500,1000,30000,87150000,871500.0,86278500,72625000,13653500,2014-01-11,11, November ,2014
Government,France, Paseo , Low ,215500,1000,35000,75425000,754250.0,74670750,56030000,18640750,2014-01-12,12, December ,2014
Government,France, Velo , Low ,386400,12000,2000,7728000,77280.0,7650720,3864000,3786720,2014-01-04,4, April ,2014
Government,Mexico, Velo , Low ,36200,12000,700,253400,2534.0,250866,181000,69866,2014-01-05,5, May ,2014
Enterprise,Canada, Velo , Low ,92300,12000,12500,11537500,115375.0,11422125,11076000,346125,2014-01-08,8, August ,2014
Enterprise,United States of America, Velo , Low ,66300,12000,12500,8287500,82875.0,8204625,7956000,248625,2013-01-10,10, October ,2013
Government,Canada, Velo , Low ,209200,12000,700,1464400,14644.0,1449756,1046000,403756,2013-01-11,11, November ,2013
Government,Germany, VTT , Low ,26300,25000,700,184100,1841.0,182259,131500,50759,2014-01-03,3, March ,2014
Government,Canada, VTT , Low ,94350,25000,35000,33022500,330225.0,32692275,24531000,8161275,2014-01-04,4, April ,2014
Enterprise,United States of America, VTT , Low ,72700,25000,12500,9087500,90875.0,8996625,8724000,272625,2014-01-06,6, June ,2014
Enterprise,France, VTT , Low ,78700,25000,12500,9837500,98375.0,9739125,9444000,295125,2014-01-06,6, June ,2014
Small Business,Germany, VTT , Low ,98600,25000,30000,29580000,295800.0,29284200,24650000,4634200,2014-01-09,9, September ,2014
Small Business,Mexico, VTT , Low ,49400,25000,30000,14820000,148200.0,14671800,12350000,2321800,2013-01-10,10, October ,2013
Government,Mexico, VTT , Low ,139700,25000,35000,48895000,488950.0,48406050,36322000,12084050,2014-01-10,10, October ,2014
Enterprise,France, VTT , Low ,174400,25000,12500,21800000,218000.0,21582000,20928000,654000,2014-01-11,11, November ,2014
Channel Partners,United States of America, Amarilla , Low ,198900,26000,1200,2386800,23868.0,2362932,596700,1766232,2013-01-09,9, September ,2013
Midmarket,France, Amarilla , Low ,32100,26000,1500,481500,4815.0,476685,321000,155685,2013-01-11,11, November ,2013
Enterprise,Canada, Carretera , Low ,74250,300,12500,9281250,185625.0,9095625,8910000,185625,2014-01-04,4, April ,2014
Channel Partners,Canada, Carretera , Low ,129500,300,1200,1554000,31080.0,1522920,388500,1134420,2014-01-10,10, October ,2014
Small Business,Germany, Carretera , Low ,21400,300,30000,6420000,128400.0,6291600,5350000,941600,2013-01-10,10, October ,2013
Government,France, Carretera , Low ,214500,300,700,1501500,30030.0,1471470,1072500,398970,2013-01-11,11, November ,2013
Government,Canada, Carretera , Low ,285200,300,35000,99820000,1996400.0,97823600,74152000,23671600,2014-01-12,12, December ,2014
Channel Partners,United States of America, Montana , Low ,114200,500,1200,1370400,27408.0,1342992,342600,1000392,2014-01-06,6, June ,2014
Government,United States of America, Montana , Low ,156600,500,2000,3132000,62640.0,3069360,1566000,1503360,2014-01-10,10, October ,2014
Channel Partners,Mexico, Montana , Low ,69000,500,1200,828000,16560.0,811440,207000,604440,2014-01-11,11, November ,2014
Enterprise,Mexico, Montana , Low ,166000,500,12500,20750000,415000.0,20335000,19920000,415000,2013-01-11,11, November ,2013
Midmarket,Canada, Paseo , Low ,236300,1000,1500,3544500,70890.0,3473610,2363000,1110610,2014-01-02,2, February ,2014
Small Business,France, Paseo , Low ,91800,1000,30000,27540000,550800.0,26989200,22950000,4039200,2014-01-05,5, May ,2014
Small Business,Germany, Paseo , Low ,172800,1000,30000,51840000,1036800.0,50803200,43200000,7603200,2014-01-05,5, May ,2014
Channel Partners,United States of America, Paseo , Low ,114200,1000,1200,1370400,27408.0,1342992,342600,1000392,2014-01-06,6, June ,2014
Enterprise,Mexico, Paseo , Low ,66200,1000,12500,8275000,165500.0,8109500,7944000,165500,2014-01-06,6, June ,2014
Channel Partners,Canada, Paseo , Low ,129500,1000,1200,1554000,31080.0,1522920,388500,1134420,2014-01-10,10, October ,2014
Enterprise,Germany, Paseo , Low ,80900,1000,12500,10112500,202250.0,9910250,9708000,202250,2013-01-10,10, October ,2013
Enterprise,Mexico, Paseo , Low ,214500,1000,12500,26812500,536250.0,26276250,25740000,536250,2013-01-10,10, October ,2013
Channel Partners,France, Paseo , Low ,178500,1000,1200,2142000,42840.0,2099160,535500,1563660,2013-01-11,11, November ,2013
Small Business,Canada, Paseo , Low ,191600,1000,30000,57480000,1149600.0,56330400,47900000,8430400,2014-01-12,12, December ,2014
Government,Canada, Paseo , Low ,285200,1000,35000,99820000,1996400.0,97823600,74152000,23671600,2014-01-12,12, December ,2014
Enterprise,Canada, Paseo , Low ,272900,1000,12500,34112500,682250.0,33430250,32748000,682250,2014-01-12,12, December ,2014
Midmarket,United States of America, Paseo , Low ,192500,1000,1500,2887500,57750.0,2829750,1925000,904750,2013-01-12,12, December ,2013
Government,United States of America, Paseo , Low ,201300,1000,700,1409100,28182.0,1380918,1006500,374418,2013-01-12,12, December ,2013
Channel Partners,France, Paseo , Low ,105500,1000,1200,1266000,25320.0,1240680,316500,924180,2014-01-12,12, December ,2014
Channel Partners,Mexico, Paseo , Low ,108400,1000,1200,1300800,26016.0,1274784,325200,949584,2014-01-12,12, December ,2014
Government,United States of America, Velo , Low ,156600,12000,2000,3132000,62640.0,3069360,1566000,1503360,2014-01-10,10, October ,2014
Government,Germany, Velo , Low ,296600,12000,35000,103810000,2076200.0,101733800,77116000,24617800,2013-01-10,10, October ,2013
Government,Germany, Velo , Low ,287700,12000,35000,100695000,2013900.0,98681100,74802000,23879100,2014-01-10,10, October ,2014
Enterprise,Germany, Velo , Low ,80900,12000,12500,10112500,202250.0,9910250,9708000,202250,2013-01-10,10, October ,2013
Enterprise,Mexico, Velo , Low ,214500,12000,12500,26812500,536250.0,26276250,25740000,536250,2013-01-10,10, October ,2013
Channel Partners,France, Velo , Low ,105500,12000,1200,1266000,25320.0,1240680,316500,924180,2014-01-12,12, December ,2014
Government,Mexico, Velo , Low ,54400,12000,2000,1088000,21760.0,1066240,544000,522240,2013-01-12,12, December ,2013
Channel Partners,Mexico, Velo , Low ,108400,12000,1200,1300800,26016.0,1274784,325200,949584,2014-01-12,12, December ,2014
Enterprise,Mexico, VTT , Low ,66200,25000,12500,8275000,165500.0,8109500,7944000,165500,2014-01-06,6, June ,2014
Small Business,Germany, VTT , Low ,21400,25000,30000,6420000,128400.0,6291600,5350000,941600,2013-01-10,10, October ,2013
Government,Germany, VTT , Low ,287700,25000,35000,100695000,2013900.0,98681100,74802000,23879100,2014-01-10,10, October ,2014
Enterprise,Canada, VTT , Low ,272900,25000,12500,34112500,682250.0,33430250,32748000,682250,2014-01-12,12, December ,2014
Government,United States of America, VTT , Low ,26600,25000,35000,9310000,186200.0,9123800,6916000,2207800,2013-01-12,12, December ,2013
Government,Mexico, VTT , Low ,194000,25000,35000,67900000,1358000.0,66542000,50440000,16102000,2013-01-12,12, December ,2013
Small Business,Germany, Amarilla , Low ,25900,26000,30000,7770000,155400.0,7614600,6475000,1139600,2014-01-03,3, March ,2014
Small Business,Mexico, Amarilla , Low ,110100,26000,30000,33030000,660600.0,32369400,27525000,4844400,2014-01-03,3, March ,2014
Enterprise,Germany, Amarilla , Low ,227600,26000,12500,28450000,569000.0,27881000,27312000,569000,2014-01-05,5, May ,2014
Government,Germany, Amarilla , Low ,296600,26000,35000,103810000,2076200.0,101733800,77116000,24617800,2013-01-10,10, October ,2013
Government,United States of America, Amarilla , Low ,123600,26000,2000,2472000,49440.0,2422560,1236000,1186560,2014-01-11,11, November ,2014
Government,France, Amarilla , Low ,94100,26000,2000,1882000,37640.0,1844360,941000,903360,2014-01-11,11, November ,2014
Small Business,Canada, Amarilla , Low ,191600,26000,30000,57480000,1149600.0,56330400,47900000,8430400,2014-01-12,12, December ,2014
Enterprise,France, Carretera , Low ,424350,300,12500,53043750,1591313.0,51452438,50922000,530438,2014-01-04,4, April ,2014
Government,Germany, Carretera , Low ,258000,300,2000,5160000,154800.0,5005200,2580000,2425200,2014-01-04,4, April ,2014
Small Business,Germany, Carretera , Low ,68900,300,30000,20670000,620100.0,20049900,17225000,2824900,2014-01-06,6, June ,2014
Channel Partners,United States of America, Carretera , Low ,194700,300,1200,2336400,70092.0,2266308,584100,1682208,2014-01-09,9, September ,2014
Channel Partners,Canada, Carretera , Low ,90800,300,1200,1089600,32688.0,1056912,272400,784512,2013-01-12,12, December ,2013
Government,Germany, Montana , Low ,195800,500,700,1370600,41118.0,1329482,979000,350482,2014-01-02,2, February ,2014
Channel Partners,France, Montana , Low ,190100,500,1200,2281200,68436.0,2212764,570300,1642464,2014-01-06,6, June ,2014
Government,France, Montana , Low ,54400,500,700,380800,11424.0,369376,272000,97376,2014-01-09,9, September ,2014
Government,Germany, Montana , Low ,179700,500,35000,62895000,1886850.0,61008150,46722000,14286150,2013-01-09,9, September ,2013
Enterprise,France, Montana , Low ,128700,500,12500,16087500,482625.0,15604875,15444000,160875,2014-01-12,12, December ,2014
Enterprise,Germany, Montana , Low ,170600,500,12500,21325000,639750.0,20685250,20472000,213250,2014-01-12,12, December ,2014
Small Business,France, Paseo , Low ,243450,1000,30000,73035000,2191050.0,70843950,60862500,9981450,2014-01-01,1, January ,2014
Enterprise,Canada, Paseo , Low ,177400,1000,12500,22175000,665250.0,21509750,21288000,221750,2014-01-03,3, March ,2014
Channel Partners,France, Paseo , Low ,190100,1000,1200,2281200,68436.0,2212764,570300,1642464,2014-01-06,6, June ,2014
Small Business,Germany, Paseo , Low ,68900,1000,30000,20670000,620100.0,20049900,17225000,2824900,2014-01-06,6, June ,2014
Enterprise,Germany, Paseo , Low ,157000,1000,12500,19625000,588750.0,19036250,18840000,196250,2014-01-06,6, June ,2014
Channel Partners,United States of America, Paseo , Low ,136950,1000,1200,1643400,49302.0,1594098,410850,1183248,2014-01-07,7, July ,2014
Enterprise,Canada, Paseo , Low ,200900,1000,12500,25112500,753375.0,24359125,24108000,251125,2014-01-10,10, October ,2014
Midmarket,Germany, Paseo , Low ,194500,1000,1500,2917500,87525.0,2829975,1945000,884975,2013-01-10,10, October ,2013
Enterprise,France, Paseo , Low ,128700,1000,12500,16087500,482625.0,15604875,15444000,160875,2014-01-12,12, December ,2014
Enterprise,Germany, Paseo , Low ,170600,1000,12500,21325000,639750.0,20685250,20472000,213250,2014-01-12,12, December ,2014
Enterprise,Canada, Velo , Low ,200900,12000,12500,25112500,753375.0,24359125,24108000,251125,2014-01-10,10, October ,2014
Small Business,United States of America, VTT , Low ,284400,25000,30000,85320000,2559600.0,82760400,71100000,11660400,2014-01-02,2, February ,2014
Channel Partners,Mexico, VTT , Low ,191600,25000,1200,2299200,68976.0,2230224,574800,1655424,2014-01-04,4, April ,2014
Enterprise,Germany, VTT , Low ,157000,25000,12500,19625000,588750.0,19036250,18840000,196250,2014-01-06,6, June ,2014
Small Business,Canada, VTT , Low ,187400,25000,30000,56220000,1686600.0,54533400,46850000,7683400,2014-01-08,8, August ,2014
Government,Mexico, VTT , Low ,164200,25000,35000,57470000,1724100.0,55745900,42692000,13053900,2014-01-08,8, August ,2014
Midmarket,Germany, VTT , Low ,194500,25000,1500,2917500,87525.0,2829975,1945000,884975,2013-01-10,10, October ,2013
Government,Canada, Carretera , Low ,83100,300,2000,1662000,49860.0,1612140,831000,781140,2014-01-05,5, May ,2014
Government,Mexico, Paseo , Low ,176000,1000,700,1232000,36960.0,1195040,880000,315040,2013-01-09,9, September ,2013
Government,Canada, Velo , Low ,385050,12000,2000,7701000,231030.0,7469970,3850500,3619470,2014-01-04,4, April ,2014
Channel Partners,Germany, VTT , Low ,247900,25000,1200,2974800,89244.0,2885556,743700,2141856,2014-01-01,1, January ,2014
Midmarket,Mexico, Montana , Low ,203100,500,1500,3046500,121860.0,2924640,2031000,893640,2014-01-10,10, October ,2014
Midmarket,Mexico, Paseo , Low ,203100,1000,1500,3046500,121860.0,2924640,2031000,893640,2014-01-10,10, October ,2014
Midmarket,France, Paseo , Low ,226100,1000,1500,3391500,135660.0,3255840,2261000,994840,2013-01-12,12, December ,2013
Government,United States of America, Velo , Low ,73600,12000,2000,1472000,58880.0,1413120,736000,677120,2013-01-09,9, September ,2013
Government,Canada, Carretera , Low ,285100,300,700,1995700,79828.0,1915872,1425500,490372,2013-01-10,10, October ,2013
Small Business,Germany, Carretera , Low ,202100,300,30000,60630000,2425200.0,58204800,50525000,7679800,2014-01-10,10, October ,2014
Government,United States of America, Carretera , Low ,27400,300,35000,9590000,383600.0,9206400,7124000,2082400,2014-01-12,12, December ,2014
Midmarket,Canada, Montana , Low ,196700,500,1500,2950500,118020.0,2832480,1967000,865480,2014-01-03,3, March ,2014
Small Business,Germany, Montana , Low ,185900,500,30000,55770000,2230800.0,53539200,46475000,7064200,2014-01-08,8, August ,2014
Government,Canada, Montana , Low ,285100,500,700,1995700,79828.0,1915872,1425500,490372,2013-01-10,10, October ,2013
Small Business,Germany, Montana , Low ,202100,500,30000,60630000,2425200.0,58204800,50525000,7679800,2014-01-10,10, October ,2014
Enterprise,Mexico, Montana , Low ,113800,500,12500,14225000,569000.0,13656000,13656000,0,2014-01-12,12, December ,2014
Government,Canada, Paseo , Low ,425100,1000,700,2975700,119028.0,2856672,2125500,731172,2014-01-01,1, January ,2014
Enterprise,Germany, Paseo , Low ,79500,1000,12500,9937500,397500.0,9540000,9540000,0,2014-01-03,3, March ,2014
Small Business,Germany, Paseo , Low ,141450,1000,30000,42435000,1697400.0,40737600,35362500,5375100,2014-01-04,4, April ,2014
Small Business,United States of America, Paseo , Low ,291800,1000,30000,87540000,3501600.0,84038400,72950000,11088400,2014-01-05,5, May ,2014
Government,United States of America, Paseo , Low ,345000,1000,35000,120750000,4830000.0,115920000,89700000,26220000,2014-01-07,7, July ,2014
Enterprise,France, Paseo , Low ,298800,1000,12500,37350000,1494000.0,35856000,35856000,0,2014-01-07,7, July ,2014
Midmarket,Canada, Paseo , Low ,21800,1000,1500,327000,13080.0,313920,218000,95920,2014-01-09,9, September ,2014
Government,Canada, Paseo , Low ,207400,1000,2000,4148000,165920.0,3982080,2074000,1908080,2014-01-09,9, September ,2014
Government,United States of America, Paseo , Low ,105600,1000,2000,2112000,84480.0,2027520,1056000,971520,2014-01-09,9, September ,2014
Midmarket,United States of America, Paseo , Low ,67100,1000,1500,1006500,40260.0,966240,671000,295240,2013-01-10,10, October ,2013
Midmarket,Mexico, Paseo , Low ,151400,1000,1500,2271000,90840.0,2180160,1514000,666160,2013-01-10,10, October ,2013
Government,United States of America, Paseo , Low ,27400,1000,35000,9590000,383600.0,9206400,7124000,2082400,2014-01-12,12, December ,2014
Enterprise,Mexico, Paseo , Low ,113800,1000,12500,14225000,569000.0,13656000,13656000,0,2014-01-12,12, December ,2014
Channel Partners,United States of America, Velo , Low ,146500,12000,1200,1758000,70320.0,1687680,439500,1248180,2014-01-03,3, March ,2014
Government,Canada, Velo , Low ,264600,12000,2000,5292000,211680.0,5080320,2646000,2434320,2013-01-09,9, September ,2013
Government,France, Velo , Low ,217700,12000,35000,76195000,3047800.0,73147200,56602000,16545200,2014-01-10,10, October ,2014
Channel Partners,France, VTT , Low ,86600,25000,1200,1039200,41568.0,997632,259800,737832,2014-01-05,5, May ,2014
Government,United States of America, VTT , Low ,34900,25000,35000,12215000,488600.0,11726400,9074000,2652400,2013-01-09,9, September ,2013
Government,France, VTT , Low ,217700,25000,35000,76195000,3047800.0,73147200,56602000,16545200,2014-01-10,10, October ,2014
Midmarket,Mexico, VTT , Low ,151400,25000,1500,2271000,90840.0,2180160,1514000,666160,2013-01-10,10, October ,2013
Government,Mexico, Amarilla , Low ,186500,26000,35000,65275000,2611000.0,62664000,48490000,14174000,2014-01-02,2, February ,2014
Enterprise,Mexico, Amarilla , Low ,107400,26000,12500,13425000,537000.0,12888000,12888000,0,2014-01-04,4, April ,2014
Government,Germany, Amarilla , Low ,190700,26000,35000,66745000,2669800.0,64075200,49582000,14493200,2014-01-09,9, September ,2014
Midmarket,United States of America, Amarilla , Low ,67100,26000,1500,1006500,40260.0,966240,671000,295240,2013-01-10,10, October ,2013
Government,Canada, Amarilla , Low ,177800,26000,35000,62230000,2489200.0,59740800,46228000,13512800,2013-01-12,12, December ,2013
Government,Germany, Montana , Medium ,115900,500,700,811300,40565.0,770735,579500,191235,2013-01-10,10, October ,2013
Government,Germany, Paseo , Medium ,137200,1000,700,960400,48020.0,912380,686000,226380,2014-01-01,1, January ,2014
Government,Canada, Paseo , Medium ,234900,1000,700,1644300,82215.0,1562085,1174500,387585,2013-01-09,9, September ,2013
Government,Mexico, Paseo , Medium ,268900,1000,700,1882300,94115.0,1788185,1344500,443685,2014-01-10,10, October ,2014
Channel Partners,Canada, Paseo , Medium ,243100,1000,1200,2917200,145860.0,2771340,729300,2042040,2014-01-12,12, December ,2014
Channel Partners,Canada, Velo , Medium ,243100,12000,1200,2917200,145860.0,2771340,729300,2042040,2014-01-12,12, December ,2014
Government,Mexico, VTT , Medium ,268900,25000,700,1882300,94115.0,1788185,1344500,443685,2014-01-10,10, October ,2014
Government,Mexico, Amarilla , Medium ,168300,26000,700,1178100,58905.0,1119195,841500,277695,2014-01-07,7, July ,2014
Channel Partners,Mexico, Amarilla , Medium ,112300,26000,1200,1347600,67380.0,1280220,336900,943320,2014-01-08,8, August ,2014
Government,Germany, Amarilla , Medium ,115900,26000,700,811300,40565.0,770735,579500,191235,2013-01-10,10, October ,2013
Channel Partners,France, Carretera , Medium ,186500,300,1200,2238000,111900.0,2126100,559500,1566600,2014-01-02,2, February ,2014
Channel Partners,Germany, Carretera , Medium ,111600,300,1200,1339200,66960.0,1272240,334800,937440,2014-01-02,2, February ,2014
Government,France, Carretera , Medium ,156300,300,2000,3126000,156300.0,2969700,1563000,1406700,2014-01-05,5, May ,2014
Small Business,United States of America, Carretera , Medium ,99100,300,30000,29730000,1486500.0,28243500,24775000,3468500,2014-01-06,6, June ,2014
Government,Germany, Carretera , Medium ,101600,300,700,711200,35560.0,675640,508000,167640,2013-01-11,11, November ,2013
Midmarket,Mexico, Carretera , Medium ,279100,300,1500,4186500,209325.0,3977175,2791000,1186175,2014-01-11,11, November ,2014
Government,United States of America, Carretera , Medium ,57000,300,700,399000,19950.0,379050,285000,94050,2014-01-12,12, December ,2014
Government,France, Carretera , Medium ,248700,300,700,1740900,87045.0,1653855,1243500,410355,2014-01-12,12, December ,2014
Government,France, Montana , Medium ,138450,500,35000,48457500,2422875.0,46034625,35997000,10037625,2014-01-01,1, January ,2014
Enterprise,United States of America, Montana , Medium ,362700,500,12500,45337500,2266875.0,43070625,43524000,-453375,2014-01-07,7, July ,2014
Government,Mexico, Montana , Medium ,72000,500,35000,25200000,1260000.0,23940000,18720000,5220000,2013-01-09,9, September ,2013
Channel Partners,Germany, Montana , Medium ,234200,500,1200,2810400,140520.0,2669880,702600,1967280,2014-01-11,11, November ,2014
Small Business,Mexico, Montana , Medium ,110000,500,30000,33000000,1650000.0,31350000,27500000,3850000,2013-01-12,12, December ,2013
Government,France, Paseo , Medium ,130300,1000,2000,2606000,130300.0,2475700,1303000,1172700,2014-01-02,2, February ,2014
Enterprise,United States of America, Paseo , Medium ,299200,1000,12500,37400000,1870000.0,35530000,35904000,-374000,2014-01-03,3, March ,2014
Enterprise,France, Paseo , Medium ,238500,1000,12500,29812500,1490625.0,28321875,28620000,-298125,2014-01-03,3, March ,2014
Small Business,Mexico, Paseo , Medium ,160700,1000,30000,48210000,2410500.0,45799500,40175000,5624500,2014-01-04,4, April ,2014
Government,United States of America, Paseo , Medium ,232700,1000,700,1628900,81445.0,1547455,1163500,383955,2014-01-05,5, May ,2014
Small Business,United States of America, Paseo , Medium ,99100,1000,30000,29730000,1486500.0,28243500,24775000,3468500,2014-01-06,6, June ,2014
Government,United States of America, Paseo , Medium ,60200,1000,35000,21070000,1053500.0,20016500,15652000,4364500,2014-01-06,6, June ,2014
Midmarket,France, Paseo , Medium ,262000,1000,1500,3930000,196500.0,3733500,2620000,1113500,2014-01-09,9, September ,2014
Government,Canada, Paseo , Medium ,122800,1000,35000,42980000,2149000.0,40831000,31928000,8903000,2013-01-10,10, October ,2013
Government,Canada, Paseo , Medium ,138900,1000,2000,2778000,138900.0,2639100,1389000,1250100,2013-01-10,10, October ,2013
Enterprise,United States of America, Paseo , Medium ,86100,1000,12500,10762500,538125.0,10224375,10332000,-107625,2014-01-10,10, October ,2014
Enterprise,France, Paseo , Medium ,70400,1000,12500,8800000,440000.0,8360000,8448000,-88000,2013-01-10,10, October ,2013
Government,Canada, Paseo , Medium ,180200,1000,2000,3604000,180200.0,3423800,1802000,1621800,2013-01-12,12, December ,2013
Government,United States of America, Paseo , Medium ,266300,1000,2000,5326000,266300.0,5059700,2663000,2396700,2014-01-12,12, December ,2014
Government,France, Paseo , Medium ,213600,1000,700,1495200,74760.0,1420440,1068000,352440,2013-01-12,12, December ,2013
Midmarket,Germany, Paseo , Medium ,211600,1000,1500,3174000,158700.0,3015300,2116000,899300,2013-01-12,12, December ,2013
Midmarket,United States of America, Velo , Medium ,55500,12000,1500,832500,41625.0,790875,555000,235875,2014-01-01,1, January ,2014
Midmarket,Mexico, Velo , Medium ,286100,12000,1500,4291500,214575.0,4076925,2861000,1215925,2014-01-01,1, January ,2014
Enterprise,Germany, Velo , Medium ,80700,12000,12500,10087500,504375.0,9583125,9684000,-100875,2014-01-02,2, February ,2014
Government,United States of America, Velo , Medium ,60200,12000,35000,21070000,1053500.0,20016500,15652000,4364500,2014-01-06,6, June ,2014
Government,United States of America, Velo , Medium ,283200,12000,2000,5664000,283200.0,5380800,2832000,2548800,2014-01-08,8, August ,2014
Government,France, Velo , Medium ,157900,12000,2000,3158000,157900.0,3000100,1579000,1421100,2014-01-08,8, August ,2014
Enterprise,United States of America, Velo , Medium ,86100,12000,12500,10762500,538125.0,10224375,10332000,-107625,2014-01-10,10, October ,2014
Enterprise,France, Velo , Medium ,70400,12000,12500,8800000,440000.0,8360000,8448000,-88000,2013-01-10,10, October ,2013
Government,France, Velo , Medium ,103300,12000,2000,2066000,103300.0,1962700,1033000,929700,2013-01-12,12, December ,2013
Small Business,Germany, Velo , Medium ,125000,12000,30000,37500000,1875000.0,35625000,31250000,4375000,2014-01-12,12, December ,2014
Government,Canada, VTT , Medium ,138900,25000,2000,2778000,138900.0,2639100,1389000,1250100,2013-01-10,10, October ,2013
Government,United States of America, VTT , Medium ,126500,25000,2000,2530000,126500.0,2403500,1265000,1138500,2013-01-11,11, November ,2013
Government,Germany, VTT , Medium ,229700,25000,2000,4594000,229700.0,4364300,2297000,2067300,2013-01-11,11, November ,2013
Government,United States of America, VTT , Medium ,266300,25000,2000,5326000,266300.0,5059700,2663000,2396700,2014-01-12,12, December ,2014
Government,United States of America, VTT , Medium ,57000,25000,700,399000,19950.0,379050,285000,94050,2014-01-12,12, December ,2014
Government,France, VTT , Medium ,248700,25000,700,1740900,87045.0,1653855,1243500,410355,2014-01-12,12, December ,2014
Government,Germany, Amarilla , Medium ,135000,26000,35000,47250000,2362500.0,44887500,35100000,9787500,2014-01-02,2, February ,2014
Government,Canada, Amarilla , Medium ,55200,26000,35000,19320000,966000.0,18354000,14352000,4002000,2014-01-08,8, August ,2014
Government,Canada, Amarilla , Medium ,122800,26000,35000,42980000,2149000.0,40831000,31928000,8903000,2013-01-10,10, October ,2013
Small Business,Germany, Amarilla , Medium ,125000,26000,30000,37500000,1875000.0,35625000,31250000,4375000,2014-01-12,12, December ,2014
Midmarket,France, Paseo , Medium ,380100,1000,1500,5701500,342090.0,5359410,3801000,1558410,2014-01-04,4, April ,2014
Government,United States of America, Carretera , Medium ,111750,300,2000,2235000,134100.0,2100900,1117500,983400,2014-01-01,1, January ,2014
Midmarket,Canada, Carretera , Medium ,284400,300,1500,4266000,255960.0,4010040,2844000,1166040,2014-01-06,6, June ,2014
Channel Partners,Mexico, Carretera , Medium ,56200,300,1200,674400,40464.0,633936,168600,465336,2014-01-09,9, September ,2014
Channel Partners,Canada, Carretera , Medium ,229900,300,1200,2758800,165528.0,2593272,689700,1903572,2013-01-10,10, October ,2013
Midmarket,United States of America, Carretera , Medium ,203000,300,1500,3045000,182700.0,2862300,2030000,832300,2014-01-11,11, November ,2014
Government,United States of America, Carretera , Medium ,26300,300,700,184100,11046.0,173054,131500,41554,2013-01-11,11, November ,2013
Enterprise,Germany, Carretera , Medium ,88700,300,12500,11087500,665250.0,10422250,10644000,-221750,2013-01-12,12, December ,2013
Government,Mexico, Montana , Medium ,98000,500,35000,34300000,2058000.0,32242000,25480000,6762000,2014-01-04,4, April ,2014
Government,Germany, Montana , Medium ,146000,500,35000,51100000,3066000.0,48034000,37960000,10074000,2014-01-05,5, May ,2014
Government,France, Montana , Medium ,140300,500,700,982100,58926.0,923174,701500,221674,2013-01-10,10, October ,2013
Channel Partners,United States of America, Montana , Medium ,272300,500,1200,3267600,196056.0,3071544,816900,2254644,2014-01-11,11, November ,2014
Government,France, Paseo , Medium ,149600,1000,35000,52360000,3141600.0,49218400,38896000,10322400,2014-01-06,6, June ,2014
Channel Partners,Canada, Paseo , Medium ,229900,1000,1200,2758800,165528.0,2593272,689700,1903572,2013-01-10,10, October ,2013
Government,United States of America, Paseo , Medium ,72700,1000,35000,25445000,1526700.0,23918300,18902000,5016300,2013-01-10,10, October ,2013
Enterprise,Canada, Velo , Medium ,95200,12000,12500,11900000,714000.0,11186000,11424000,-238000,2014-01-02,2, February ,2014
Enterprise,United States of America, Velo , Medium ,275500,12000,12500,34437500,2066250.0,32371250,33060000,-688750,2014-01-02,2, February ,2014
Midmarket,Germany, Velo , Medium ,153000,12000,1500,2295000,137700.0,2157300,1530000,627300,2014-01-05,5, May ,2014
Government,France, Velo , Medium ,149600,12000,35000,52360000,3141600.0,49218400,38896000,10322400,2014-01-06,6, June ,2014
Government,Mexico, Velo , Medium ,149800,12000,700,1048600,62916.0,985684,749000,236684,2014-01-06,6, June ,2014
Small Business,France, Velo , Medium ,122100,12000,30000,36630000,2197800.0,34432200,30525000,3907200,2013-01-10,10, October ,2013
Government,France, Velo , Medium ,207600,12000,35000,72660000,4359600.0,68300400,53976000,14324400,2013-01-10,10, October ,2013
Midmarket,Canada, VTT , Medium ,284400,25000,1500,4266000,255960.0,4010040,2844000,1166040,2014-01-06,6, June ,2014
Government,Mexico, VTT , Medium ,149800,25000,700,1048600,62916.0,985684,749000,236684,2014-01-06,6, June ,2014
Small Business,France, VTT , Medium ,122100,25000,30000,36630000,2197800.0,34432200,30525000,3907200,2013-01-10,10, October ,2013
Government,Mexico, VTT , Medium ,112300,25000,2000,2246000,134760.0,2111240,1123000,988240,2013-01-11,11, November ,2013
Small Business,Canada, VTT , Medium ,243600,25000,30000,73080000,4384800.0,68695200,60900000,7795200,2013-01-12,12, December ,2013
Enterprise,France, Amarilla , Medium ,198750,26000,12500,24843750,1490625.0,23353125,23850000,-496875,2014-01-01,1, January ,2014
Government,Mexico, Amarilla , Medium ,167900,26000,35000,58765000,3525900.0,55239100,43654000,11585100,2014-01-09,9, September ,2014
Government,United States of America, Amarilla , Medium ,72700,26000,35000,25445000,1526700.0,23918300,18902000,5016300,2013-01-10,10, October ,2013
Government,France, Amarilla , Medium ,140300,26000,700,982100,58926.0,923174,701500,221674,2013-01-10,10, October ,2013
Government,France, Amarilla , Medium ,207600,26000,35000,72660000,4359600.0,68300400,53976000,14324400,2013-01-10,10, October ,2013
Government,France, Montana , Medium ,175700,500,2000,3514000,210840.0,3303160,1757000,1546160,2013-01-10,10, October ,2013
Midmarket,United States of America, Paseo , Medium ,219800,1000,1500,3297000,197820.0,3099180,2198000,901180,2014-01-08,8, August ,2014
Midmarket,Germany, Paseo , Medium ,174300,1000,1500,2614500,156870.0,2457630,1743000,714630,2014-01-08,8, August ,2014
Midmarket,United States of America, Paseo , Medium ,115300,1000,1500,1729500,103770.0,1625730,1153000,472730,2014-01-10,10, October ,2014
Government,France, Paseo , Medium ,175700,1000,2000,3514000,210840.0,3303160,1757000,1546160,2013-01-10,10, October ,2013
Government,Germany, Velo , Medium ,100100,12000,2000,2002000,120120.0,1881880,1001000,880880,2014-01-08,8, August ,2014
Government,Mexico, Velo , Medium ,133300,12000,700,933100,55986.0,877114,666500,210614,2014-01-11,11, November ,2014
Midmarket,United States of America, VTT , Medium ,115300,25000,1500,1729500,103770.0,1625730,1153000,472730,2014-01-10,10, October ,2014
Channel Partners,Mexico, Carretera , Medium ,72700,300,1200,872400,61068.0,811332,218100,593232,2014-01-02,2, February ,2014
Channel Partners,Canada, Carretera , Medium ,188400,300,1200,2260800,158256.0,2102544,565200,1537344,2014-01-08,8, August ,2014
Government,Mexico, Carretera , Medium ,183400,300,2000,3668000,256760.0,3411240,1834000,1577240,2013-01-09,9, September ,2013
Channel Partners,Mexico, Montana , Medium ,234000,500,1200,2808000,196560.0,2611440,702000,1909440,2014-01-01,1, January ,2014
Channel Partners,France, Montana , Medium ,234200,500,1200,2810400,196728.0,2613672,702600,1911072,2014-01-11,11, November ,2014
Government,France, Paseo , Medium ,103100,1000,700,721700,50519.0,671181,515500,155681,2013-01-09,9, September ,2013
Midmarket,Canada, Velo , Medium ,126200,12000,1500,1893000,132510.0,1760490,1262000,498490,2014-01-05,5, May ,2014
Government,Canada, Velo , Medium ,113500,12000,700,794500,55615.0,738885,567500,171385,2014-01-06,6, June ,2014
Government,United States of America, Velo , Medium ,54700,12000,700,382900,26803.0,356097,273500,82597,2014-01-11,11, November ,2014
Government,Canada, Velo , Medium ,158200,12000,700,1107400,77518.0,1029882,791000,238882,2014-01-12,12, December ,2014
Channel Partners,France, VTT , Medium ,173850,25000,1200,2086200,146034.0,1940166,521550,1418616,2014-01-04,4, April ,2014
Channel Partners,Germany, VTT , Medium ,221500,25000,1200,2658000,186060.0,2471940,664500,1807440,2013-01-09,9, September ,2013
Government,Canada, VTT , Medium ,158200,25000,700,1107400,77518.0,1029882,791000,238882,2014-01-12,12, December ,2014
Government,Canada, Amarilla , Medium ,113500,26000,700,794500,55615.0,738885,567500,171385,2014-01-06,6, June ,2014
Government,United States of America, Carretera , Medium ,176100,300,35000,61635000,4314450.0,57320550,45786000,11534550,2014-01-03,3, March ,2014
Small Business,France, Carretera , Medium ,44800,300,30000,13440000,940800.0,12499200,11200000,1299200,2014-01-06,6, June ,2014
Small Business,France, Carretera , Medium ,218100,300,30000,65430000,4580100.0,60849900,54525000,6324900,2014-01-10,10, October ,2014
Government,France, Montana , Medium ,197600,500,2000,3952000,276640.0,3675360,1976000,1699360,2014-01-10,10, October ,2014
Small Business,France, Montana , Medium ,218100,500,30000,65430000,4580100.0,60849900,54525000,6324900,2014-01-10,10, October ,2014
Enterprise,Germany, Montana , Medium ,250000,500,12500,31250000,2187500.0,29062500,30000000,-937500,2013-01-11,11, November ,2013
Small Business,Canada, Paseo , Medium ,170200,1000,30000,51060000,3574200.0,47485800,42550000,4935800,2014-01-05,5, May ,2014
Small Business,France, Paseo , Medium ,44800,1000,30000,13440000,940800.0,12499200,11200000,1299200,2014-01-06,6, June ,2014
Enterprise,Germany, Paseo , Medium ,351300,1000,12500,43912500,3073875.0,40838625,42156000,-1317375,2014-01-07,7, July ,2014
Midmarket,France, Paseo , Medium ,210100,1000,1500,3151500,220605.0,2930895,2101000,829895,2014-01-08,8, August ,2014
Midmarket,United States of America, Paseo , Medium ,293100,1000,1500,4396500,307755.0,4088745,2931000,1157745,2013-01-09,9, September ,2013
Government,France, Paseo , Medium ,153500,1000,2000,3070000,214900.0,2855100,1535000,1320100,2014-01-09,9, September ,2014
Small Business,Germany, Paseo , Medium ,112300,1000,30000,33690000,2358300.0,31331700,28075000,3256700,2013-01-09,9, September ,2013
Small Business,Canada, Paseo , Medium ,140400,1000,30000,42120000,2948400.0,39171600,35100000,4071600,2013-01-11,11, November ,2013
Channel Partners,Mexico, Paseo , Medium ,276300,1000,1200,3315600,232092.0,3083508,828900,2254608,2013-01-11,11, November ,2013
Government,Germany, Paseo , Medium ,212500,1000,700,1487500,104125.0,1383375,1062500,320875,2013-01-12,12, December ,2013
Small Business,France, Velo , Medium ,165900,12000,30000,49770000,3483900.0,46286100,41475000,4811100,2014-01-07,7, July ,2014
Government,Mexico, Velo , Medium ,60900,12000,2000,1218000,85260.0,1132740,609000,523740,2014-01-08,8, August ,2014
Enterprise,Germany, Velo , Medium ,208700,12000,12500,26087500,1826125.0,24261375,25044000,-782625,2014-01-09,9, September ,2014
Government,France, Velo , Medium ,197600,12000,2000,3952000,276640.0,3675360,1976000,1699360,2014-01-10,10, October ,2014
Government,United States of America, Velo , Medium ,142100,12000,2000,2842000,198940.0,2643060,1421000,1222060,2013-01-12,12, December ,2013
Small Business,United States of America, Velo , Medium ,137200,12000,30000,41160000,2881200.0,38278800,34300000,3978800,2014-01-12,12, December ,2014
Government,Germany, Velo , Medium ,58800,12000,2000,1176000,82320.0,1093680,588000,505680,2013-01-12,12, December ,2013
Channel Partners,Canada, VTT , Medium ,324450,25000,1200,3893400,272538.0,3620862,973350,2647512,2014-01-01,1, January ,2014
Small Business,France, VTT , Medium ,95900,25000,30000,28770000,2013900.0,26756100,23975000,2781100,2014-01-02,2, February ,2014
Small Business,Mexico, VTT , Medium ,274700,25000,30000,82410000,5768700.0,76641300,68675000,7966300,2014-01-02,2, February ,2014
Enterprise,Canada, Amarilla , Medium ,164500,26000,12500,20562500,1439375.0,19123125,19740000,-616875,2014-01-05,5, May ,2014
Government,France, Amarilla , Medium ,287600,26000,35000,100660000,7046200.0,93613800,74776000,18837800,2014-01-09,9, September ,2014
Enterprise,Germany, Amarilla , Medium ,99400,26000,12500,12425000,869750.0,11555250,11928000,-372750,2013-01-09,9, September ,2013
Government,Canada, Amarilla , Medium ,111800,26000,2000,2236000,156520.0,2079480,1118000,961480,2014-01-11,11, November ,2014
Small Business,United States of America, Amarilla , Medium ,137200,26000,30000,41160000,2881200.0,38278800,34300000,3978800,2014-01-12,12, December ,2014
Government,Canada, Montana , Medium ,48800,500,700,341600,27328.0,314272,244000,70272,2014-01-02,2, February ,2014
Government,United States of America, Montana , Medium ,128200,500,2000,2564000,205120.0,2358880,1282000,1076880,2014-01-06,6, June ,2014
Government,Canada, Paseo , Medium ,25700,1000,700,179900,14392.0,165508,128500,37008,2014-01-05,5, May ,2014
Government,United States of America, Amarilla , Medium ,128200,26000,2000,2564000,205120.0,2358880,1282000,1076880,2014-01-06,6, June ,2014
Enterprise,Mexico, Carretera , Medium ,154000,300,12500,19250000,1540000.0,17710000,18480000,-770000,2014-01-08,8, August ,2014
Midmarket,France, Carretera , Medium ,49000,300,1500,735000,58800.0,676200,490000,186200,2014-01-11,11, November ,2014
Government,Mexico, Carretera , Medium ,136200,300,35000,47670000,3813600.0,43856400,35412000,8444400,2014-01-12,12, December ,2014
Midmarket,France, Montana , Medium ,250100,500,1500,3751500,300120.0,3451380,2501000,950380,2014-01-03,3, March ,2014
Government,Canada, Montana , Medium ,70800,500,2000,1416000,113280.0,1302720,708000,594720,2014-01-06,6, June ,2014
Government,Germany, Montana , Medium ,64500,500,2000,1290000,103200.0,1186800,645000,541800,2014-01-07,7, July ,2014
Small Business,France, Montana , Medium ,156200,500,30000,46860000,3748800.0,43111200,39050000,4061200,2014-01-08,8, August ,2014
Small Business,Canada, Montana , Medium ,128300,500,30000,38490000,3079200.0,35410800,32075000,3335800,2013-01-09,9, September ,2013
Midmarket,Germany, Montana , Medium ,71100,500,1500,1066500,85320.0,981180,711000,270180,2014-01-12,12, December ,2014
Enterprise,Mexico, Paseo , Medium ,111400,1000,12500,13925000,1114000.0,12811000,13368000,-557000,2014-01-03,3, March ,2014
Government,Germany, Paseo , Medium ,125900,1000,700,881300,70504.0,810796,629500,181296,2014-01-04,4, April ,2014
Government,Germany, Paseo , Medium ,109500,1000,700,766500,61320.0,705180,547500,157680,2014-01-05,5, May ,2014
Government,Germany, Paseo , Medium ,136600,1000,2000,2732000,218560.0,2513440,1366000,1147440,2014-01-06,6, June ,2014
Small Business,Mexico, Paseo , Medium ,246000,1000,30000,73800000,5904000.0,67896000,61500000,6396000,2014-01-06,6, June ,2014
Government,United States of America, Paseo , Medium ,67800,1000,700,474600,37968.0,436632,339000,97632,2014-01-08,8, August ,2014
Government,Germany, Paseo , Medium ,159800,1000,700,1118600,89488.0,1029112,799000,230112,2014-01-08,8, August ,2014
Government,Germany, Paseo , Medium ,240900,1000,700,1686300,134904.0,1551396,1204500,346896,2013-01-09,9, September ,2013
Government,Germany, Paseo , Medium ,193400,1000,2000,3868000,309440.0,3558560,1934000,1624560,2014-01-09,9, September ,2014
Government,Mexico, Paseo , Medium ,299300,1000,2000,5986000,478880.0,5507120,2993000,2514120,2014-01-09,9, September ,2014
Government,Germany, Paseo , Medium ,214600,1000,35000,75110000,6008800.0,69101200,55796000,13305200,2013-01-11,11, November ,2013
Government,Mexico, Paseo , Medium ,194600,1000,700,1362200,108976.0,1253224,973000,280224,2013-01-12,12, December ,2013
Government,Mexico, Paseo , Medium ,136200,1000,35000,47670000,3813600.0,43856400,35412000,8444400,2014-01-12,12, December ,2014
Channel Partners,Canada, Velo , Medium ,59800,12000,1200,717600,57408.0,660192,179400,480792,2014-01-03,3, March ,2014
Government,United States of America, Velo , Medium ,290700,12000,700,2034900,162792.0,1872108,1453500,418608,2014-01-06,6, June ,2014
Government,Germany, Velo , Medium ,233800,12000,700,1636600,130928.0,1505672,1169000,336672,2014-01-06,6, June ,2014
Small Business,France, Velo , Medium ,38600,12000,30000,11580000,926400.0,10653600,9650000,1003600,2013-01-11,11, November ,2013
Small Business,Mexico, Velo , Medium ,63500,12000,30000,19050000,1524000.0,17526000,15875000,1651000,2014-01-12,12, December ,2014
Government,France, VTT , Medium ,57450,25000,35000,20107500,1608600.0,18498900,14937000,3561900,2014-01-04,4, April ,2014
Government,Germany, VTT , Medium ,233800,25000,700,1636600,130928.0,1505672,1169000,336672,2014-01-06,6, June ,2014
Government,France, VTT , Medium ,38100,25000,35000,13335000,1066800.0,12268200,9906000,2362200,2014-01-08,8, August ,2014
Government,Germany, VTT , Medium ,42200,25000,35000,14770000,1181600.0,13588400,10972000,2616400,2014-01-08,8, August ,2014
Small Business,Canada, VTT , Medium ,213400,25000,30000,64020000,5121600.0,58898400,53350000,5548400,2014-01-09,9, September ,2014
Small Business,United States of America, VTT , Medium ,80800,25000,30000,24240000,1939200.0,22300800,20200000,2100800,2013-01-12,12, December ,2013
Government,Canada, Amarilla , Medium ,70800,26000,2000,1416000,113280.0,1302720,708000,594720,2014-01-06,6, June ,2014
Government,United States of America, Amarilla , Medium ,290700,26000,700,2034900,162792.0,1872108,1453500,418608,2014-01-06,6, June ,2014
Government,Germany, Amarilla , Medium ,136600,26000,2000,2732000,218560.0,2513440,1366000,1147440,2014-01-06,6, June ,2014
Small Business,Mexico, Amarilla , Medium ,246000,26000,30000,73800000,5904000.0,67896000,61500000,6396000,2014-01-06,6, June ,2014
Government,Germany, Amarilla , Medium ,152000,26000,2000,3040000,243200.0,2796800,1520000,1276800,2014-01-11,11, November ,2014
Midmarket,Germany, Amarilla , Medium ,71100,26000,1500,1066500,85320.0,981180,711000,270180,2014-01-12,12, December ,2014
Channel Partners,Mexico, Amarilla , Medium ,137500,26000,1200,1650000,132000.0,1518000,412500,1105500,2013-01-12,12, December ,2013
Small Business,Mexico, Amarilla , Medium ,63500,26000,30000,19050000,1524000.0,17526000,15875000,1651000,2014-01-12,12, December ,2014
Government,United States of America, VTT , Medium ,43650,25000,2000,873000,69840.0,803160,436500,366660,2014-01-07,7, July ,2014
Small Business,Canada, Carretera , Medium ,109400,300,30000,32820000,2953800.0,29866200,27350000,2516200,2014-01-06,6, June ,2014
Channel Partners,Mexico, Carretera , Medium ,36700,300,1200,440400,39636.0,400764,110100,290664,2013-01-10,10, October ,2013
Small Business,Canada, Montana , Medium ,380250,500,30000,114075000,10266750.0,103808250,95062500,8745750,2014-01-04,4, April ,2014
Government,France, Montana , Medium ,166600,500,35000,58310000,5247900.0,53062100,43316000,9746100,2014-01-05,5, May ,2014
Small Business,France, Montana , Medium ,32200,500,30000,9660000,869400.0,8790600,8050000,740600,2013-01-09,9, September ,2013
Channel Partners,Canada, Montana , Medium ,232100,500,1200,2785200,250668.0,2534532,696300,1838232,2014-01-11,11, November ,2014
Enterprise,France, Montana , Medium ,185700,500,12500,23212500,2089125.0,21123375,22284000,-1160625,2013-01-11,11, November ,2013
Government,Canada, Montana , Medium ,161100,500,700,1127700,101493.0,1026207,805500,220707,2013-01-12,12, December ,2013
Enterprise,United States of America, Montana , Medium ,279700,500,12500,34962500,3146625.0,31815875,33564000,-1748125,2014-01-12,12, December ,2014
Small Business,Germany, Montana , Medium ,33400,500,30000,10020000,901800.0,9118200,8350000,768200,2013-01-12,12, December ,2013
Small Business,Mexico, Paseo , Medium ,256500,1000,30000,76950000,6925500.0,70024500,64125000,5899500,2014-01-01,1, January ,2014
Government,Mexico, Paseo , Medium ,241700,1000,35000,84595000,7613550.0,76981450,62842000,14139450,2014-01-01,1, January ,2014
Midmarket,United States of America, Paseo , Medium ,367500,1000,1500,5512500,496125.0,5016375,3675000,1341375,2014-01-04,4, April ,2014
Small Business,Canada, Paseo , Medium ,109400,1000,30000,32820000,2953800.0,29866200,27350000,2516200,2014-01-06,6, June ,2014
Midmarket,France, Paseo , Medium ,122700,1000,1500,1840500,165645.0,1674855,1227000,447855,2014-01-10,10, October ,2014
Channel Partners,Mexico, Paseo , Medium ,36700,1000,1200,440400,39636.0,400764,110100,290664,2013-01-10,10, October ,2013
Small Business,France, Paseo , Medium ,132400,1000,30000,39720000,3574800.0,36145200,33100000,3045200,2014-01-11,11, November ,2014
Channel Partners,Germany, Paseo , Medium ,177500,1000,1200,2130000,191700.0,1938300,532500,1405800,2013-01-11,11, November ,2013
Enterprise,United States of America, Paseo , Medium ,279700,1000,12500,34962500,3146625.0,31815875,33564000,-1748125,2014-01-12,12, December ,2014
Midmarket,Mexico, Velo , Medium ,24500,12000,1500,367500,33075.0,334425,245000,89425,2014-01-05,5, May ,2014
Small Business,Canada, Velo , Medium ,379350,12000,30000,113805000,10242450.0,103562550,94837500,8725050,2014-01-07,7, July ,2014
Government,Germany, Velo , Medium ,130700,12000,35000,45745000,4117050.0,41627950,33982000,7645950,2014-01-07,7, July ,2014
Enterprise,Canada, Velo , Medium ,56700,12000,12500,7087500,637875.0,6449625,6804000,-354375,2014-01-09,9, September ,2014
Enterprise,Mexico, Velo , Medium ,211000,12000,12500,26375000,2373750.0,24001250,25320000,-1318750,2014-01-09,9, September ,2014
Government,Canada, Velo , Medium ,126900,12000,35000,44415000,3997350.0,40417650,32994000,7423650,2014-01-10,10, October ,2014
Channel Partners,United States of America, VTT , Medium ,195600,25000,1200,2347200,211248.0,2135952,586800,1549152,2014-01-01,1, January ,2014
Small Business,Germany, VTT , Medium ,265900,25000,30000,79770000,7179300.0,72590700,66475000,6115700,2014-01-02,2, February ,2014
Government,United States of America, VTT , Medium ,135150,25000,35000,47302500,4257225.0,43045275,35139000,7906275,2014-01-04,4, April ,2014
Channel Partners,Germany, VTT , Medium ,88000,25000,1200,1056000,95040.0,960960,264000,696960,2014-01-05,5, May ,2014
Small Business,United States of America, VTT , Medium ,186700,25000,30000,56010000,5040900.0,50969100,46675000,4294100,2014-01-09,9, September ,2014
Channel Partners,France, VTT , Medium ,223400,25000,1200,2680800,241272.0,2439528,670200,1769328,2013-01-09,9, September ,2013
Midmarket,France, VTT , Medium ,122700,25000,1500,1840500,165645.0,1674855,1227000,447855,2014-01-10,10, October ,2014
Enterprise,Mexico, VTT , Medium ,87700,25000,12500,10962500,986625.0,9975875,10524000,-548125,2014-01-11,11, November ,2014
Government,United States of America, Amarilla , Medium ,207100,26000,35000,72485000,6523650.0,65961350,53846000,12115350,2014-01-09,9, September ,2014
Government,Canada, Amarilla , Medium ,126900,26000,35000,44415000,3997350.0,40417650,32994000,7423650,2014-01-10,10, October ,2014
Midmarket,Germany, Amarilla , Medium ,97000,26000,1500,1455000,130950.0,1324050,970000,354050,2013-01-11,11, November ,2013
Government,Mexico, Amarilla , Medium ,169400,26000,2000,3388000,304920.0,3083080,1694000,1389080,2014-01-11,11, November ,2014
Government,Germany, Carretera , Medium ,66300,300,2000,1326000,119340.0,1206660,663000,543660,2014-01-05,5, May ,2014
Government,Canada, Carretera , Medium ,81900,300,700,573300,51597.0,521703,409500,112203,2014-01-07,7, July ,2014
Channel Partners,Germany, Carretera , Medium ,158000,300,1200,1896000,170640.0,1725360,474000,1251360,2014-01-09,9, September ,2014
Government,Mexico, Carretera , Medium ,52100,300,700,364700,32823.0,331877,260500,71377,2014-01-12,12, December ,2014
Government,United States of America, Paseo , Medium ,97300,1000,2000,1946000,175140.0,1770860,973000,797860,2014-01-03,3, March ,2014
Government,Mexico, Paseo , Medium ,103800,1000,2000,2076000,186840.0,1889160,1038000,851160,2014-01-06,6, June ,2014
Government,Germany, Paseo , Medium ,36000,1000,700,252000,22680.0,229320,180000,49320,2014-01-10,10, October ,2014
Channel Partners,France, Velo , Medium ,196700,12000,1200,2360400,212436.0,2147964,590100,1557864,2014-01-03,3, March ,2014
Midmarket,Mexico, Velo , Medium ,262800,12000,1500,3942000,354780.0,3587220,2628000,959220,2014-01-04,4, April ,2014
Government,Germany, VTT , Medium ,36000,25000,700,252000,22680.0,229320,180000,49320,2014-01-10,10, October ,2014
Government,France, VTT , Medium ,268200,25000,2000,5364000,482760.0,4881240,2682000,2199240,2013-01-11,11, November ,2013
Government,Mexico, VTT , Medium ,52100,25000,700,364700,32823.0,331877,260500,71377,2014-01-12,12, December ,2014
Government,Mexico, Amarilla , Medium ,103800,26000,2000,2076000,186840.0,1889160,1038000,851160,2014-01-06,6, June ,2014
Midmarket,Canada, Amarilla , Medium ,163050,26000,1500,2445750,220118.0,2225633,1630500,595133,2014-01-07,7, July ,2014
Channel Partners,France, Amarilla , Medium ,30600,26000,1200,367200,33048.0,334152,91800,242352,2013-01-12,12, December ,2013
Channel Partners,United States of America, Carretera , High ,38600,300,1200,463200,46320.0,416880,115800,301080,2013-01-10,10, October ,2013
Government,United States of America, Montana , High ,232800,500,700,1629600,162960.0,1466640,1164000,302640,2014-01-09,9, September ,2014
Channel Partners,United States of America, Paseo , High ,38600,1000,1200,463200,46320.0,416880,115800,301080,2013-01-10,10, October ,2013
Enterprise,United States of America, Carretera , High ,344550,300,12500,43068750,4306875.0,38761875,41346000,-2584125,2014-01-04,4, April ,2014
Enterprise,France, Carretera , High ,148200,300,12500,18525000,1852500.0,16672500,17784000,-1111500,2013-01-12,12, December ,2013
Government,United States of America, Montana , High ,231300,500,35000,80955000,8095500.0,72859500,60138000,12721500,2014-01-05,5, May ,2014
Enterprise,United States of America, Montana , High ,180400,500,12500,22550000,2255000.0,20295000,21648000,-1353000,2013-01-11,11, November ,2013
Midmarket,France, Montana , High ,207200,500,1500,3108000,310800.0,2797200,2072000,725200,2014-01-12,12, December ,2014
Government,France, Paseo , High ,195400,1000,2000,3908000,390800.0,3517200,1954000,1563200,2014-01-03,3, March ,2014
Small Business,Mexico, Paseo , High ,59100,1000,30000,17730000,1773000.0,15957000,14775000,1182000,2014-01-05,5, May ,2014
Midmarket,France, Paseo , High ,216700,1000,1500,3250500,325050.0,2925450,2167000,758450,2013-01-10,10, October ,2013
Government,Germany, Paseo , High ,24100,1000,2000,482000,48200.0,433800,241000,192800,2014-01-10,10, October ,2014
Midmarket,Germany, Velo , High ,68100,12000,1500,1021500,102150.0,919350,681000,238350,2014-01-01,1, January ,2014
Midmarket,Germany, Velo , High ,51000,12000,1500,765000,76500.0,688500,510000,178500,2014-01-04,4, April ,2014
Midmarket,United States of America, Velo , High ,79000,12000,1500,1185000,118500.0,1066500,790000,276500,2014-01-05,5, May ,2014
Government,France, Velo , High ,63900,12000,35000,22365000,2236500.0,20128500,16614000,3514500,2014-01-07,7, July ,2014
Enterprise,United States of America, Velo , High ,159600,12000,12500,19950000,1995000.0,17955000,19152000,-1197000,2014-01-09,9, September ,2014
Small Business,United States of America, Velo , High ,229400,12000,30000,68820000,6882000.0,61938000,57350000,4588000,2013-01-10,10, October ,2013
Government,Germany, Velo , High ,24100,12000,2000,482000,48200.0,433800,241000,192800,2014-01-10,10, October ,2014
Government,Germany, Velo , High ,266500,12000,700,1865500,186550.0,1678950,1332500,346450,2014-01-11,11, November ,2014
Enterprise,Canada, Velo , High ,191600,12000,12500,23950000,2395000.0,21555000,22992000,-1437000,2013-01-12,12, December ,2013
Small Business,France, Velo , High ,85300,12000,30000,25590000,2559000.0,23031000,21325000,1706000,2014-01-12,12, December ,2014
Enterprise,Mexico, VTT , High ,34100,25000,12500,4262500,426250.0,3836250,4092000,-255750,2014-01-05,5, May ,2014
Midmarket,Mexico, VTT , High ,64100,25000,1500,961500,96150.0,865350,641000,224350,2014-01-07,7, July ,2014
Government,United States of America, VTT , High ,280700,25000,35000,98245000,9824500.0,88420500,72982000,15438500,2014-01-08,8, August ,2014
Small Business,Mexico, VTT , High ,43200,25000,30000,12960000,1296000.0,11664000,10800000,864000,2014-01-09,9, September ,2014
Small Business,United States of America, VTT , High ,229400,25000,30000,68820000,6882000.0,61938000,57350000,4588000,2013-01-10,10, October ,2013
Midmarket,France, VTT , High ,216700,25000,1500,3250500,325050.0,2925450,2167000,758450,2013-01-10,10, October ,2013
Enterprise,Canada, VTT , High ,252900,25000,12500,31612500,3161250.0,28451250,30348000,-1896750,2014-01-11,11, November ,2014
Government,Germany, VTT , High ,187000,25000,35000,65450000,6545000.0,58905000,48620000,10285000,2013-01-12,12, December ,2013
Enterprise,United States of America, Amarilla , High ,57900,26000,12500,7237500,723750.0,6513750,6948000,-434250,2014-01-01,1, January ,2014
Government,Canada, Amarilla , High ,224000,26000,35000,78400000,7840000.0,70560000,58240000,12320000,2014-01-02,2, February ,2014
Small Business,United States of America, Amarilla , High ,299300,26000,30000,89790000,8979000.0,80811000,74825000,5986000,2014-01-03,3, March ,2014
Channel Partners,Canada, Amarilla , High ,352050,26000,1200,4224600,422460.0,3802140,1056150,2745990,2014-01-04,4, April ,2014
Government,Mexico, Amarilla , High ,203900,26000,2000,4078000,407800.0,3670200,2039000,1631200,2014-01-05,5, May ,2014
Channel Partners,Germany, Amarilla , High ,257400,26000,1200,3088800,308880.0,2779920,772200,2007720,2014-01-08,8, August ,2014
Government,Canada, Amarilla , High ,70700,26000,35000,24745000,2474500.0,22270500,18382000,3888500,2014-01-09,9, September ,2014
Midmarket,France, Amarilla , High ,207200,26000,1500,3108000,310800.0,2797200,2072000,725200,2014-01-12,12, December ,2014
Small Business,France, Amarilla , High ,85300,26000,30000,25590000,2559000.0,23031000,21325000,1706000,2014-01-12,12, December ,2014
Channel Partners,France, Carretera , High ,119800,300,1200,1437600,158136.0,1279464,359400,920064,2013-01-10,10, October ,2013
Government,France, Paseo , High ,253200,1000,700,1772400,194964.0,1577436,1266000,311436,2014-01-04,4, April ,2014
Channel Partners,France, Paseo , High ,119800,1000,1200,1437600,158136.0,1279464,359400,920064,2013-01-10,10, October ,2013
Midmarket,Canada, Velo , High ,38400,12000,1500,576000,63360.0,512640,384000,128640,2014-01-01,1, January ,2014
Channel Partners,Germany, Velo , High ,47200,12000,1200,566400,62304.0,504096,141600,362496,2014-01-10,10, October ,2014
Government,United States of America, VTT , High ,157900,25000,700,1105300,121583.0,983717,789500,194217,2014-01-03,3, March ,2014
Channel Partners,Mexico, VTT , High ,100500,25000,1200,1206000,132660.0,1073340,301500,771840,2013-01-09,9, September ,2013
Midmarket,United States of America, Amarilla , High ,319950,26000,1500,4799250,527918.0,4271333,3199500,1071833,2014-01-07,7, July ,2014
Channel Partners,Germany, Amarilla , High ,47200,26000,1200,566400,62304.0,504096,141600,362496,2014-01-10,10, October ,2014
Channel Partners,Canada, Carretera , High ,193700,300,1200,2324400,255684.0,2068716,581100,1487616,2014-01-02,2, February ,2014
Government,Germany, Carretera , High ,79200,300,35000,27720000,3049200.0,24670800,20592000,4078800,2014-01-03,3, March ,2014
Small Business,Germany, Carretera , High ,281100,300,30000,84330000,9276300.0,75053700,70275000,4778700,2014-01-07,7, July ,2014
Enterprise,France, Carretera , High ,244100,300,12500,30512500,3356375.0,27156125,29292000,-2135875,2014-01-10,10, October ,2014
Midmarket,Canada, Carretera , High ,156000,300,1500,2340000,257400.0,2082600,1560000,522600,2013-01-11,11, November ,2013
Government,Mexico, Carretera , High ,270600,300,700,1894200,208362.0,1685838,1353000,332838,2013-01-11,11, November ,2013
Government,Germany, Montana , High ,76600,500,35000,26810000,2949100.0,23860900,19916000,3944900,2014-01-01,1, January ,2014
Government,Germany, Montana , High ,299200,500,2000,5984000,658240.0,5325760,2992000,2333760,2013-01-10,10, October ,2013
Midmarket,Mexico, Montana , High ,215700,500,1500,3235500,355905.0,2879595,2157000,722595,2014-01-12,12, December ,2014
Small Business,Canada, Paseo , High ,87300,1000,30000,26190000,2880900.0,23309100,21825000,1484100,2014-01-01,1, January ,2014
Government,Mexico, Paseo , High ,112200,1000,2000,2244000,246840.0,1997160,1122000,875160,2014-01-03,3, March ,2014
Government,Canada, Paseo , High ,210450,1000,35000,73657500,8102325.0,65555175,54717000,10838175,2014-01-07,7, July ,2014
Channel Partners,Canada, Paseo , High ,402600,1000,1200,4831200,531432.0,4299768,1207800,3091968,2014-01-07,7, July ,2014
Channel Partners,France, Paseo , High ,242550,1000,1200,2910600,320166.0,2590434,727650,1862784,2014-01-07,7, July ,2014
Government,Canada, Paseo , High ,239400,1000,2000,4788000,526680.0,4261320,2394000,1867320,2014-01-08,8, August ,2014
Midmarket,Mexico, Paseo , High ,198400,1000,1500,2976000,327360.0,2648640,1984000,664640,2014-01-08,8, August ,2014
Enterprise,France, Paseo , High ,244100,1000,12500,30512500,3356375.0,27156125,29292000,-2135875,2014-01-10,10, October ,2014
Government,Germany, Paseo , High ,299200,1000,2000,5984000,658240.0,5325760,2992000,2333760,2013-01-10,10, October ,2013
Small Business,Canada, Paseo , High ,136600,1000,30000,40980000,4507800.0,36472200,34150000,2322200,2014-01-11,11, November ,2014
Government,France, Velo , High ,280500,12000,2000,5610000,617100.0,4992900,2805000,2187900,2013-01-09,9, September ,2013
Midmarket,Mexico, Velo , High ,65500,12000,1500,982500,108075.0,874425,655000,219425,2013-01-09,9, September ,2013
Government,Mexico, Velo , High ,34400,12000,35000,12040000,1324400.0,10715600,8944000,1771600,2013-01-10,10, October ,2013
Government,Canada, Velo , High ,180800,12000,700,1265600,139216.0,1126384,904000,222384,2014-01-11,11, November ,2014
Channel Partners,France, VTT , High ,173400,25000,1200,2080800,228888.0,1851912,520200,1331712,2014-01-01,1, January ,2014
Enterprise,Mexico, VTT , High ,55400,25000,12500,6925000,761750.0,6163250,6648000,-484750,2014-01-01,1, January ,2014
Government,Canada, VTT , High ,293500,25000,2000,5870000,645700.0,5224300,2935000,2289300,2013-01-11,11, November ,2013
Enterprise,Germany, Amarilla , High ,316500,26000,12500,39562500,4351875.0,35210625,37980000,-2769375,2014-01-01,1, January ,2014
Government,Mexico, Amarilla , High ,262900,26000,2000,5258000,578380.0,4679620,2629000,2050620,2014-01-01,1, January ,2014
Enterprise,France, Amarilla , High ,143300,26000,12500,17912500,1970375.0,15942125,17196000,-1253875,2014-01-05,5, May ,2014
Enterprise,Mexico, Amarilla , High ,94700,26000,12500,11837500,1302125.0,10535375,11364000,-828625,2013-01-09,9, September ,2013
Government,Mexico, Amarilla , High ,34400,26000,35000,12040000,1324400.0,10715600,8944000,1771600,2013-01-10,10, October ,2013
Midmarket,Mexico, Amarilla , High ,215700,26000,1500,3235500,355905.0,2879595,2157000,722595,2014-01-12,12, December ,2014
Government,United States of America, Paseo , High ,38000,1000,700,266000,29260.0,236740,190000,46740,2013-01-09,9, September ,2013
Government,Mexico, Carretera , High ,88600,300,35000,31010000,3721200.0,27288800,23036000,4252800,2014-01-06,6, June ,2014
Enterprise,Canada, Carretera , High ,241600,300,12500,30200000,3624000.0,26576000,28992000,-2416000,2013-01-09,9, September ,2013
Enterprise,Mexico, Carretera , High ,215600,300,12500,26950000,3234000.0,23716000,25872000,-2156000,2014-01-10,10, October ,2014
Midmarket,Canada, Carretera , High ,268900,300,1500,4033500,484020.0,3549480,2689000,860480,2014-01-11,11, November ,2014
Midmarket,United States of America, Montana , High ,67700,500,1500,1015500,121860.0,893640,677000,216640,2014-01-03,3, March ,2014
Small Business,France, Montana , High ,177300,500,30000,53190000,6382800.0,46807200,44325000,2482200,2014-01-04,4, April ,2014
Government,Mexico, Montana , High ,242000,500,700,1694000,203280.0,1490720,1210000,280720,2014-01-09,9, September ,2014
Government,Canada, Montana , High ,273400,500,700,1913800,229656.0,1684144,1367000,317144,2014-01-10,10, October ,2014
Government,Mexico, Montana , High ,171500,500,2000,3430000,411600.0,3018400,1715000,1303400,2013-01-10,10, October ,2013
Small Business,France, Montana , High ,118600,500,30000,35580000,4269600.0,31310400,29650000,1660400,2013-01-12,12, December ,2013
Small Business,United States of America, Paseo , High ,349500,1000,30000,104850000,12582000.0,92268000,87375000,4893000,2014-01-01,1, January ,2014
Government,Mexico, Paseo , High ,88600,1000,35000,31010000,3721200.0,27288800,23036000,4252800,2014-01-06,6, June ,2014
Enterprise,Mexico, Paseo , High ,215600,1000,12500,26950000,3234000.0,23716000,25872000,-2156000,2014-01-10,10, October ,2014
Government,Mexico, Paseo , High ,90500,1000,2000,1810000,217200.0,1592800,905000,687800,2014-01-10,10, October ,2014
Government,Mexico, Paseo , High ,171500,1000,2000,3430000,411600.0,3018400,1715000,1303400,2013-01-10,10, October ,2013
Government,France, Paseo , High ,159400,1000,35000,55790000,6694800.0,49095200,41444000,7651200,2014-01-11,11, November ,2014
Small Business,Germany, Paseo , High ,135900,1000,30000,40770000,4892400.0,35877600,33975000,1902600,2014-01-11,11, November ,2014
Small Business,Mexico, Paseo , High ,215000,1000,30000,64500000,7740000.0,56760000,53750000,3010000,2014-01-11,11, November ,2014
Government,Mexico, Paseo , High ,119700,1000,35000,41895000,5027400.0,36867600,31122000,5745600,2014-01-11,11, November ,2014
Midmarket,Mexico, Paseo , High ,38000,1000,1500,570000,68400.0,501600,380000,121600,2013-01-12,12, December ,2013
Government,Mexico, Paseo , High ,123300,1000,2000,2466000,295920.0,2170080,1233000,937080,2014-01-12,12, December ,2014
Government,Mexico, Velo , High ,139500,12000,35000,48825000,5859000.0,42966000,36270000,6696000,2014-01-07,7, July ,2014
Government,United States of America, Velo , High ,98600,12000,35000,34510000,4141200.0,30368800,25636000,4732800,2014-01-10,10, October ,2014
Government,Mexico, Velo , High ,90500,12000,2000,1810000,217200.0,1592800,905000,687800,2014-01-10,10, October ,2014
Channel Partners,Canada, VTT , High ,210900,25000,1200,2530800,303696.0,2227104,632700,1594404,2014-01-05,5, May ,2014
Midmarket,France, VTT , High ,387450,25000,1500,5811750,697410.0,5114340,3874500,1239840,2014-01-07,7, July ,2014
Government,Canada, VTT , High ,62300,25000,35000,21805000,2616600.0,19188400,16198000,2990400,2013-01-09,9, September ,2013
Government,United States of America, VTT , High ,98600,25000,35000,34510000,4141200.0,30368800,25636000,4732800,2014-01-10,10, October ,2014
Enterprise,United States of America, VTT , High ,238700,25000,12500,29837500,3580500.0,26257000,28644000,-2387000,2014-01-11,11, November ,2014
Government,Mexico, VTT , High ,123300,25000,2000,2466000,295920.0,2170080,1233000,937080,2014-01-12,12, December ,2014
Government,United States of America, Amarilla , High ,27000,26000,35000,9450000,1134000.0,8316000,7020000,1296000,2014-01-02,2, February ,2014
Government,France, Amarilla , High ,342150,26000,700,2395050,287406.0,2107644,1710750,396894,2014-01-07,7, July ,2014
Government,Canada, Amarilla , High ,273400,26000,700,1913800,229656.0,1684144,1367000,317144,2014-01-10,10, October ,2014
Midmarket,United States of America, Amarilla , High ,254800,26000,1500,3822000,458640.0,3363360,2548000,815360,2013-01-11,11, November ,2013
Government,France, Carretera , High ,252150,300,2000,5043000,605160.0,4437840,2521500,1916340,2014-01-01,1, January ,2014
Channel Partners,Mexico, Montana , High ,266100,500,1200,3193200,383184.0,2810016,798300,2011716,2014-01-05,5, May ,2014
Government,Germany, Paseo , High ,153100,1000,2000,3062000,367440.0,2694560,1531000,1163560,2014-01-12,12, December ,2014
Government,France, VTT , High ,149100,25000,700,1043700,125244.0,918456,745500,172956,2014-01-03,3, March ,2014
Government,Germany, VTT , High ,153100,25000,2000,3062000,367440.0,2694560,1531000,1163560,2014-01-12,12, December ,2014
Channel Partners,Canada, Amarilla , High ,276100,26000,1200,3313200,397584.0,2915616,828300,2087316,2013-01-09,9, September ,2013
Midmarket,United States of America, Carretera , High ,256700,300,1500,3850500,500565.0,3349935,2567000,782935,2014-01-06,6, June ,2014
Midmarket,United States of America, VTT , High ,256700,25000,1500,3850500,500565.0,3349935,2567000,782935,2014-01-06,6, June ,2014
Government,Canada, Carretera , High ,92300,300,35000,32305000,4199650.0,28105350,23998000,4107350,2014-01-03,3, March ,2014
Government,France, Carretera , High ,179000,300,35000,62650000,8144500.0,54505500,46540000,7965500,2014-01-03,3, March ,2014
Government,Germany, Carretera , High ,44200,300,2000,884000,114920.0,769080,442000,327080,2013-01-09,9, September ,2013
Government,United States of America, Montana , High ,98250,500,35000,34387500,4470375.0,29917125,25545000,4372125,2014-01-01,1, January ,2014
Government,United States of America, Montana , High ,129800,500,700,908600,118118.0,790482,649000,141482,2014-01-02,2, February ,2014
Channel Partners,Mexico, Montana , High ,60400,500,1200,724800,94224.0,630576,181200,449376,2014-01-06,6, June ,2014
Government,Mexico, Montana , High ,225500,500,2000,4510000,586300.0,3923700,2255000,1668700,2014-01-07,7, July ,2014
Government,Canada, Montana , High ,124900,500,2000,2498000,324740.0,2173260,1249000,924260,2014-01-10,10, October ,2014
Government,United States of America, Paseo , High ,143850,1000,700,1006950,130904.0,876047,719250,156797,2014-01-01,1, January ,2014
Small Business,Germany, Paseo , High ,80700,1000,30000,24210000,3147300.0,21062700,20175000,887700,2014-01-01,1, January ,2014
Government,United States of America, Paseo , High ,264100,1000,2000,5282000,686660.0,4595340,2641000,1954340,2014-01-02,2, February ,2014
Government,Germany, Paseo , High ,270800,1000,2000,5416000,704080.0,4711920,2708000,2003920,2014-01-02,2, February ,2014
Government,Canada, Paseo , High ,263200,1000,35000,92120000,11975600.0,80144400,68432000,11712400,2014-01-06,6, June ,2014
Enterprise,Canada, Paseo , High ,158300,1000,12500,19787500,2572375.0,17215125,18996000,-1780875,2014-01-06,6, June ,2014
Channel Partners,Mexico, Paseo , High ,57100,1000,1200,685200,89076.0,596124,171300,424824,2014-01-07,7, July ,2014
Government,France, Paseo , High ,269600,1000,700,1887200,245336.0,1641864,1348000,293864,2014-01-08,8, August ,2014
Midmarket,Canada, Paseo , High ,156500,1000,1500,2347500,305175.0,2042325,1565000,477325,2014-01-10,10, October ,2014
Government,Canada, Paseo , High ,124900,1000,2000,2498000,324740.0,2173260,1249000,924260,2014-01-10,10, October ,2014
Government,Germany, Paseo , High ,35700,1000,35000,12495000,1624350.0,10870650,9282000,1588650,2014-01-11,11, November ,2014
Channel Partners,Germany, Paseo , High ,101300,1000,1200,1215600,158028.0,1057572,303900,753672,2014-01-12,12, December ,2014
Midmarket,France, Velo , High ,399750,12000,1500,5996250,779513.0,5216738,3997500,1219238,2014-01-01,1, January ,2014
Government,Canada, Velo , High ,263200,12000,35000,92120000,11975600.0,80144400,68432000,11712400,2014-01-06,6, June ,2014
Government,France, Velo , High ,119000,12000,700,833000,108290.0,724710,595000,129710,2014-01-06,6, June ,2014
Channel Partners,Mexico, Velo , High ,60400,12000,1200,724800,94224.0,630576,181200,449376,2014-01-06,6, June ,2014
Midmarket,Germany, Velo , High ,66000,12000,1500,990000,128700.0,861300,660000,201300,2013-01-09,9, September ,2013
Channel Partners,Mexico, Velo , High ,41000,12000,1200,492000,63960.0,428040,123000,305040,2014-01-10,10, October ,2014
Small Business,Mexico, Velo , High ,260500,12000,30000,78150000,10159500.0,67990500,65125000,2865500,2013-01-11,11, November ,2013
Channel Partners,Germany, Velo , High ,101300,12000,1200,1215600,158028.0,1057572,303900,753672,2014-01-12,12, December ,2014
Enterprise,Canada, VTT , High ,158300,25000,12500,19787500,2572375.0,17215125,18996000,-1780875,2014-01-06,6, June ,2014
Midmarket,Canada, VTT , High ,156500,25000,1500,2347500,305175.0,2042325,1565000,477325,2014-01-10,10, October ,2014
Enterprise,Canada, Amarilla , High ,165900,26000,12500,20737500,2695875.0,18041625,19908000,-1866375,2014-01-01,1, January ,2014
Government,France, Amarilla , High ,119000,26000,700,833000,108290.0,724710,595000,129710,2014-01-06,6, June ,2014
Channel Partners,Mexico, Amarilla , High ,41000,26000,1200,492000,63960.0,428040,123000,305040,2014-01-10,10, October ,2014
Channel Partners,Germany, Amarilla , High ,177000,26000,1200,2124000,276120.0,1847880,531000,1316880,2013-01-12,12, December ,2013
Government,Mexico, Carretera , High ,257900,300,2000,5158000,722120.0,4435880,2579000,1856880,2014-01-04,4, April ,2014
Government,United States of America, Carretera , High ,174300,300,2000,3486000,488040.0,2997960,1743000,1254960,2014-01-05,5, May ,2014
Government,United States of America, Carretera , High ,299600,300,700,2097200,293608.0,1803592,1498000,305592,2013-01-10,10, October ,2013
Government,Germany, Carretera , High ,28000,300,700,196000,27440.0,168560,140000,28560,2014-01-12,12, December ,2014
Government,France, Montana , High ,29300,500,700,205100,28714.0,176386,146500,29886,2014-01-02,2, February ,2014
Government,United States of America, Montana , High ,299600,500,700,2097200,293608.0,1803592,1498000,305592,2013-01-10,10, October ,2013
Midmarket,Germany, Paseo , High ,27800,1000,1500,417000,58380.0,358620,278000,80620,2014-01-02,2, February ,2014
Government,Canada, Paseo , High ,242800,1000,2000,4856000,679840.0,4176160,2428000,1748160,2014-01-03,3, March ,2014
Midmarket,United States of America, Paseo , High ,176700,1000,1500,2650500,371070.0,2279430,1767000,512430,2014-01-09,9, September ,2014
Channel Partners,France, Paseo , High ,139300,1000,1200,1671600,234024.0,1437576,417900,1019676,2014-01-10,10, October ,2014
Government,Germany, VTT , High ,28000,25000,700,196000,27440.0,168560,140000,28560,2014-01-12,12, December ,2014
Channel Partners,France, Amarilla , High ,139300,26000,1200,1671600,234024.0,1437576,417900,1019676,2014-01-10,10, October ,2014
Channel Partners,United States of America, Amarilla , High ,201500,26000,1200,2418000,338520.0,2079480,604500,1474980,2013-01-12,12, December ,2013
Small Business,Mexico, Carretera , High ,80100,300,30000,24030000,3364200.0,20665800,20025000,640800,2014-01-07,7, July ,2014
Enterprise,France, Carretera , High ,102300,300,12500,12787500,1790250.0,10997250,12276000,-1278750,2013-01-09,9, September ,2013
Small Business,Canada, Carretera , High ,149600,300,30000,44880000,6283200.0,38596800,37400000,1196800,2014-01-10,10, October ,2014
Small Business,United States of America, Carretera , High ,101000,300,30000,30300000,4242000.0,26058000,25250000,808000,2014-01-10,10, October ,2014
Midmarket,Germany, Carretera , High ,151300,300,1500,2269500,317730.0,1951770,1513000,438770,2014-01-11,11, November ,2014
Midmarket,Canada, Carretera , High ,230000,300,1500,3450000,483000.0,2967000,2300000,667000,2014-01-12,12, December ,2014
Enterprise,Mexico, Carretera , High ,282100,300,12500,35262500,4936750.0,30325750,33852000,-3526250,2013-01-12,12, December ,2013
Government,Canada, Montana , High ,222750,500,35000,77962500,10914750.0,67047750,57915000,9132750,2014-01-01,1, January ,2014
Government,Germany, Montana , High ,119900,500,35000,41965000,5875100.0,36089900,31174000,4915900,2014-01-04,4, April ,2014
Government,Canada, Montana , High ,20000,500,35000,7000000,980000.0,6020000,5200000,820000,2014-01-05,5, May ,2014
Government,Canada, Montana , High ,38800,500,700,271600,38024.0,233576,194000,39576,2014-01-09,9, September ,2014
Government,Mexico, Montana , High ,172700,500,700,1208900,169246.0,1039654,863500,176154,2013-01-10,10, October ,2013
Midmarket,Canada, Montana , High ,230000,500,1500,3450000,483000.0,2967000,2300000,667000,2014-01-12,12, December ,2014
Government,Mexico, Paseo , High ,26000,1000,2000,520000,72800.0,447200,260000,187200,2014-01-02,2, February ,2014
Midmarket,Canada, Paseo , High ,247000,1000,1500,3705000,518700.0,3186300,2470000,716300,2013-01-09,9, September ,2013
Midmarket,Canada, Paseo , High ,174300,1000,1500,2614500,366030.0,2248470,1743000,505470,2013-01-10,10, October ,2013
Channel Partners,United States of America, Paseo , High ,291400,1000,1200,3496800,489552.0,3007248,874200,2133048,2014-01-10,10, October ,2014
Government,France, Paseo , High ,173100,1000,700,1211700,169638.0,1042062,865500,176562,2014-01-10,10, October ,2014
Government,Canada, Paseo , High ,70000,1000,35000,24500000,3430000.0,21070000,18200000,2870000,2014-01-11,11, November ,2014
Channel Partners,Canada, Paseo , High ,222200,1000,1200,2666400,373296.0,2293104,666600,1626504,2013-01-11,11, November ,2013
Government,United States of America, Paseo , High ,117700,1000,35000,41195000,5767300.0,35427700,30602000,4825700,2014-01-11,11, November ,2014
Government,France, Paseo , High ,192200,1000,35000,67270000,9417800.0,57852200,49972000,7880200,2013-01-11,11, November ,2013
Enterprise,Mexico, Velo , High ,157500,12000,12500,19687500,2756250.0,16931250,18900000,-1968750,2014-01-02,2, February ,2014
Government,United States of America, Velo , High ,60600,12000,2000,1212000,169680.0,1042320,606000,436320,2014-01-04,4, April ,2014
Small Business,United States of America, Velo , High ,246000,12000,30000,73800000,10332000.0,63468000,61500000,1968000,2014-01-07,7, July ,2014
Small Business,Canada, Velo , High ,26900,12000,30000,8070000,1129800.0,6940200,6725000,215200,2013-01-10,10, October ,2013
Small Business,Germany, Velo , High ,253600,12000,30000,76080000,10651200.0,65428800,63400000,2028800,2013-01-11,11, November ,2013
Government,Mexico, VTT , High ,290300,25000,700,2032100,284494.0,1747606,1451500,296106,2014-01-03,3, March ,2014
Small Business,United States of America, VTT , High ,254100,25000,30000,76230000,10672200.0,65557800,63525000,2032800,2014-01-08,8, August ,2014
Small Business,Canada, VTT , High ,26900,25000,30000,8070000,1129800.0,6940200,6725000,215200,2013-01-10,10, October ,2013
Small Business,Canada, VTT , High ,149600,25000,30000,44880000,6283200.0,38596800,37400000,1196800,2014-01-10,10, October ,2014
Small Business,United States of America, VTT , High ,101000,25000,30000,30300000,4242000.0,26058000,25250000,808000,2014-01-10,10, October ,2014
Government,France, VTT , High ,128100,25000,35000,44835000,6276900.0,38558100,33306000,5252100,2013-01-12,12, December ,2013
Small Business,Canada, Amarilla , High ,88800,26000,30000,26640000,3729600.0,22910400,22200000,710400,2014-01-03,3, March ,2014
Enterprise,United States of America, Amarilla , High ,284400,26000,12500,35550000,4977000.0,30573000,34128000,-3555000,2014-01-05,5, May ,2014
Channel Partners,France, Amarilla , High ,247500,26000,1200,2970000,415800.0,2554200,742500,1811700,2014-01-08,8, August ,2014
Midmarket,Canada, Amarilla , High ,174300,26000,1500,2614500,366030.0,2248470,1743000,505470,2013-01-10,10, October ,2013
Channel Partners,United States of America, Amarilla , High ,291400,26000,1200,3496800,489552.0,3007248,874200,2133048,2014-01-10,10, October ,2014
Government,France, Amarilla , High ,173100,26000,700,1211700,169638.0,1042062,865500,176562,2014-01-10,10, October ,2014
Government,Mexico, Amarilla , High ,172700,26000,700,1208900,169246.0,1039654,863500,176154,2013-01-10,10, October ,2013
Midmarket,Mexico, Amarilla , High ,187000,26000,1500,2805000,392700.0,2412300,1870000,542300,2013-01-11,11, November ,2013
Enterprise,France, Carretera , High ,117400,300,12500,14675000,2201250.0,12473750,14088000,-1614250,2014-01-08,8, August ,2014
Enterprise,Germany, Carretera , High ,276700,300,12500,34587500,5188125.0,29399375,33204000,-3804625,2014-01-08,8, August ,2014
Enterprise,Germany, Carretera , High ,108500,300,12500,13562500,2034375.0,11528125,13020000,-1491875,2014-01-10,10, October ,2014
Small Business,Mexico, Montana , High ,54600,500,30000,16380000,2457000.0,13923000,13650000,273000,2014-01-10,10, October ,2014
Government,Germany, Paseo , High ,115800,1000,2000,2316000,347400.0,1968600,1158000,810600,2014-01-03,3, March ,2014
Midmarket,Canada, Paseo , High ,161400,1000,1500,2421000,363150.0,2057850,1614000,443850,2014-01-04,4, April ,2014
Government,Mexico, Paseo , High ,253500,1000,700,1774500,266175.0,1508325,1267500,240825,2014-01-04,4, April ,2014
Government,Mexico, Paseo , High ,285100,1000,35000,99785000,14967750.0,84817250,74126000,10691250,2014-01-05,5, May ,2014
Midmarket,Canada, Paseo , High ,255900,1000,1500,3838500,575775.0,3262725,2559000,703725,2014-01-08,8, August ,2014
Government,United States of America, Paseo , High ,26700,1000,2000,534000,80100.0,453900,267000,186900,2013-01-10,10, October ,2013
Enterprise,Germany, Paseo , High ,108500,1000,12500,13562500,2034375.0,11528125,13020000,-1491875,2014-01-10,10, October ,2014
Midmarket,Germany, Paseo , High ,117500,1000,1500,1762500,264375.0,1498125,1175000,323125,2014-01-10,10, October ,2014
Government,United States of America, Paseo , High ,200700,1000,35000,70245000,10536750.0,59708250,52182000,7526250,2013-01-11,11, November ,2013
Government,Mexico, Paseo , High ,215100,1000,35000,75285000,11292750.0,63992250,55926000,8066250,2013-01-11,11, November ,2013
Channel Partners,United States of America, Paseo , High ,91400,1000,1200,1096800,164520.0,932280,274200,658080,2014-01-12,12, December ,2014
Government,France, Paseo , High ,29300,1000,2000,586000,87900.0,498100,293000,205100,2014-01-12,12, December ,2014
Channel Partners,Mexico, Velo , High ,50000,12000,1200,600000,90000.0,510000,150000,360000,2014-01-03,3, March ,2014
Midmarket,France, Velo , High ,282600,12000,1500,4239000,635850.0,3603150,2826000,777150,2014-01-05,5, May ,2014
Enterprise,France, Velo , High ,66300,12000,12500,8287500,1243125.0,7044375,7956000,-911625,2014-01-09,9, September ,2014
Small Business,United States of America, Velo , High ,257400,12000,30000,77220000,11583000.0,65637000,64350000,1287000,2013-01-11,11, November ,2013
Enterprise,United States of America, Velo , High ,243800,12000,12500,30475000,4571250.0,25903750,29256000,-3352250,2013-01-12,12, December ,2013
Channel Partners,United States of America, Velo , High ,91400,12000,1200,1096800,164520.0,932280,274200,658080,2014-01-12,12, December ,2014
Government,Canada, VTT , High ,86550,25000,2000,1731000,259650.0,1471350,865500,605850,2014-01-07,7, July ,2014
Midmarket,Germany, VTT , High ,49200,25000,1500,738000,110700.0,627300,492000,135300,2014-01-07,7, July ,2014
Government,United States of America, VTT , High ,26700,25000,2000,534000,80100.0,453900,267000,186900,2013-01-10,10, October ,2013
Midmarket,Germany, VTT , High ,117500,25000,1500,1762500,264375.0,1498125,1175000,323125,2014-01-10,10, October ,2014
Enterprise,Canada, VTT , High ,295400,25000,12500,36925000,5538750.0,31386250,35448000,-4061750,2013-01-11,11, November ,2013
Enterprise,Germany, VTT , High ,55200,25000,12500,6900000,1035000.0,5865000,6624000,-759000,2014-01-11,11, November ,2014
Government,France, VTT , High ,29300,25000,2000,586000,87900.0,498100,293000,205100,2014-01-12,12, December ,2014
Small Business,France, Amarilla , High ,247500,26000,30000,74250000,11137500.0,63112500,61875000,1237500,2014-01-03,3, March ,2014
Small Business,Mexico, Amarilla , High ,54600,26000,30000,16380000,2457000.0,13923000,13650000,273000,2014-01-10,10, October ,2014
Government,Mexico, Montana , High ,136800,500,700,957600,143640.0,813960,684000,129960,2014-01-02,2, February ,2014
Government,Canada, Paseo , High ,72300,1000,700,506100,75915.0,430185,361500,68685,2014-01-04,4, April ,2014
Channel Partners,United States of America, VTT , High ,180600,25000,1200,2167200,325080.0,1842120,541800,1300320,2014-01-05,5, May ,2014
